timestamp,AI-3U2C0.PV,TY-2U6UZ.PV,SN-2U9VF.PV,CAT-2C91E.CPV,SN-1A5IF.PV,FI-1O7J7.MV,AI-2M5C6.MV,CAT-2G8O6.CPV,PDI-2W9XR.PV,SN-1Y594.PV,PI-3N6KH.CPV,RX-3K5HZ.PV,CAT-3S8IR.CPV,PDI-1B9CL.PV,PDI-1B458.PV,CAT-3I91S.PV,TY-3W4ZO.MV,SN-2O9QI.PV,PI-2A7J2.CPV,SN-2T2NV.CPV,SN-3R2VB.PV,AI-3R187.PV,PI-2C4NF.MV,RX-2S7N9.PV,TI-3H5YH.PV,PDI-2E5Q7.PV,PDI-3V2VG.MV,RX-1S1WP.MV,FI-1G9QP.CPV,PDI-3K2KF.PV,AI-2T2CH.CPV,TIC-1S9IH.PV,PI-1T2YI.PV,PI-2P8HO.PV,TY-2H8V3.PV,AI-3O9E7.PV,FI-1Q1UZ.MV,TY-2R1YE.MV,TY-3A6RE.CPV,PIC-1C834.PV,CAT-3B4CB.CPV,PI-2E40T.MV,TI-1M2MM.CPV,FI-1D7MO.MV,TY-2C14F.PV,RX-2Q9F8.PV,FIC-2O6FM.MV,TY-1V641.PV,CAT-2T9A3.CPV,TY-1I95P.PV
2021-05-15 00:00:00,187.27005942368123,257.8951800073126,450.2090285816652,143.2706260641422,367.5355219019429,666.4587743217363,0.1470734809290379,275.68234444123874,34.20817487159075,200.381530437663,150.0,383.5941444655634,348.7357308346418,120.0,74.2706521199981,484.9560230536353,0.1811493495346803,255.5584457982777,81.39702695060188,321.9521267705653,347.8090732484034,173.67166312942135,18.422483923802613,146.10911523094887,560.4171572710335,34.060416658129164,57.72790292331312,0.5525009674078891,543.578126002702,85.3784921704667,165.78234953359689,506.6184500764462,31.290739421364822,76.44407280755044,396.3790567864064,398.12072527068426,550.3235015940045,0.580699084554285,298.4553452733281,0.6877962219649314,265.7860763433656,49.44987869181393,67.11318818787015,366.24168774688246,291.56510954979177,290.32261295481703,473.89870053288064,45.71099590856909,478.1459407566807,207.57282699637287
2021-05-15 00:30:00,475.3571532049581,213.7705091792748,316.55072863663395,295.4166302845054,401.74046519242427,726.1738200861555,0.9265876251614944,262.25569478512733,82.12573046720128,279.82016565410896,60.31521094663882,200.96545680462108,340.0703858801502,61.665031452073805,42.54933344480754,46.95035789470919,0.6811178539649828,397.7249803948646,61.52194382310109,265.1510666245792,1.6091318021393408,449.9166728436362,89.39897100078704,455.3850808219576,250.2687239175712,7.171188884765101,86.55771456245522,0.5201698923107512,463.8607725293822,24.19771303170453,427.5151008099676,357.0482225845039,27.109625376406576,40.967105337599264,34.52295315729986,135.9730197092244,721.7955788957405,0.5055087603898639,499.7788516252193,21.244727719547296,16.32953039224794,16.02256009765063,595.6974413829028,101.00088477656868,365.1108588786246,467.96862412427976,121.60454036039997,312.8409561306763,1000.0,211.09611694033904
2021-05-15 01:00:00,365.99697090570254,12.709563372047594,169.51489552435035,15.250124969524714,141.01728628565326,509.0869582909959,0.4921162930795382,205.1984134948308,11.063173695520724,77.62012296535626,24.53491096813209,239.9378101519544,309.3056891075922,79.65372909761763,34.59349925469629,336.3010591125632,0.1814383476956269,463.5889097397263,30.62536207866117,20.975611715818133,256.12411418146036,10.91169838774475,65.42925523249619,376.980951798392,70.51380474154746,40.9628894895232,98.07393435834294,0.1428759613394117,3000.0,96.06269755131996,103.5379046054276,428.1458721848496,59.76682827027031,65.5173714524338,237.1275104884768,346.17946123052906,727.4222253026284,0.1440787860131995,384.7244470410236,120.0,237.7980959110041,17.093640242084827,110.59687459974758,344.75910345837883,182.4112351038993,336.12534364709734,401.8344455957162,275.2658402981128,169.62033058691816,392.5319605232156
2021-05-15 01:30:00,299.3292420985183,53.94571349665223,174.60478730633045,18.674094374607208,88.7197718898614,667.2424991566605,0.2582443882989583,491.1893084543032,84.64522917345182,90.96406524763556,38.929561404197656,313.75273160918505,1000.0,48.152235151255006,37.10387629846027,221.8751096522856,0.5251633836670602,117.32104092772676,62.389583629163845,1000.0,177.7465052206787,1000.0,59.40440392477651,402.4533884207193,377.8985793483248,31.12174950633936,40.758420857381694,0.7753461504031356,635.6185074151134,19.69257044534284,35.57914258671641,582.7491236411131,86.60956336116915,26.02365979852293,280.339147469475,132.0309923468594,683.775061091934,0.6239984855289824,270.01353291292696,41.11974888825458,203.87405250136607,41.814478816279966,339.66037844937347,296.1022416640696,320.4827640493789,240.6389756096185,259.37402985756086,203.68276210641616,31.215663638890167,97.85632004982452
2021-05-15 02:00:00,78.00932022121826,15.714592843367123,285.0899610667597,411.3002803298292,375.3073758204292,3000.0,0.5772160721824833,56.01945108402617,12.748866233198244,430.8928105067587,28.869373677069987,436.83855709316936,79.30255264653685,11.730818896239448,98.76495637360578,434.0711271887527,0.7090462617224327,199.65795790465407,52.70414639116516,399.3570958272873,397.0986656385421,481.6972171067752,44.032341836834895,9.003277800227249,86.02626821642882,67.71206397350093,82.7518922106303,0.2714093804467143,108.93143901505206,95.14298103618324,34.503796306408155,273.843570325958,94.67337289233956,15.949226254135828,314.21322830729355,283.6381689114141,347.7593921066741,0.2736404178607716,413.7765261370235,40.24062592993117,270.23161670310725,75.72829782755008,586.8223608885394,695.6511266025983,233.0907955637785,404.83751813294464,188.58177019123187,287.35052300122254,243.0868270524415,410.1266594724449
2021-05-15 02:30:00,77.99726016810132,257.8951800073126,448.5551299762885,700.0,403.417369633632,911.04220944189,0.980032575285477,275.68234444123874,39.72872905603673,473.0577310668164,35.56727164649492,492.0417345996476,600.0,12.518579220255043,4.010919141248248,88.57489472369295,0.1068769230947438,76.20800666520871,42.60833838903715,146.41101835048238,46.49531991156608,600.0,61.52980250698021,277.8543264289793,220.2294228249814,60.57792494526903,76.45277946547176,0.4966954228179465,517.6856435081535,99.4819293965951,470.392260251554,156.2845748976526,10.590580440375764,16.046261427122644,344.31581465393776,318.1871407666872,240.58591181795973,0.4878343185440125,85.35418165624009,88.45868882296138,328.20480175032844,89.79646468477885,480.41450026666297,670.3404397889761,94.96806822878044,475.2664104772045,636.4781849678708,448.2873292345051,54.50680782046435,324.3735569475091
2021-05-15 03:00:00,29.04180608409973,157.17799053816333,443.54321213255866,63.53025632594239,495.2525710003367,140.90174230731208,0.4926180939928696,484.7352166376844,79.72953657795536,186.6546581398765,71.90459051842456,384.1367069322591,435.921763872616,49.61539711081048,86.70314961224486,346.31297611308224,0.5673122196289035,496.2417510791876,13.071037674019948,285.48911630019535,256.12411418146036,468.4112310165459,8.34640849893833,363.3354960351616,314.29892445632913,36.459372819754,57.352895145557326,0.2842740929275167,967.1493167988294,71.17228057460487,253.4602189809173,428.8251858251614,15.482861259771983,120.0,126.63619176135754,162.25590008767105,672.3462941440398,0.0822723242770618,15.231843154480062,89.55628481318388,485.5754536841429,49.44987869181393,402.4653180075586,634.1152444342514,350.86913693862857,11.033074341145422,639.4237525379491,98.14715115553352,124.269910463713,209.48488688976207
2021-05-15 03:30:00,433.0880728874676,254.2853455823514,389.9377729288119,261.1216300274022,206.30883845571324,352.8668706330073,0.3287516102875082,432.7535629469901,14.991742734877375,135.37233657177688,29.7121715623175,208.88339108366688,14.623641517279571,43.030589489946266,57.86754085723934,419.0576448240551,0.7414749451497564,463.50048396214765,88.66042152404667,300.94079481816107,240.48644494306188,26.128939643011883,88.24163684073388,152.37554769306666,527.049064317402,21.78925542549901,95.60471436119332,0.1338283629996931,567.1290521165938,98.1143731791822,204.7060359085092,493.93432236903936,94.47362587830796,18.564670490124303,4.989388329224687,134.75593114613633,639.371904525494,10.0,102.22418623213652,90.91752640535856,281.09440553226256,39.310390755940105,355.12808914562913,114.61909888850832,278.23231867441103,491.26063612801937,755.7906558129424,11.282255852673618,158.47131088364068,229.0143082919343
2021-05-15 04:00:00,300.5575058716044,453.7832369630465,321.01582307714386,384.9967765493054,186.0090428963916,667.2424991566605,0.6334008543167258,408.53603547464,22.92513952326415,321.9997716195079,56.64046402968972,210.6785011385351,412.9083752823813,20.05247267003368,43.86154191895905,472.3071097370116,0.7414749451497564,269.9785651402798,44.97846488213225,291.21132910362326,321.1627629526137,600.0,80.36035354415351,414.69733242942345,306.25701659726883,98.8035966155592,20.04745155284028,0.6295576968917366,709.7880407130579,56.95397795671037,405.4392905039592,336.92958332515144,51.775725385334454,66.42193849889682,361.721831177456,95.46329253582176,261.4204092603169,0.3064634680428203,170.20577805712983,31.38780765150273,357.3766382219729,10.024556372287662,522.3388963191442,755.9002490055827,262.22169098977446,43.06606953184017,383.8273689395057,430.8324423495505,404.4131617458421,250.49876273586486
2021-05-15 04:30:00,354.03628889802275,124.64611457443748,42.069982497524414,107.9105137484216,388.2064803709984,901.2374055018248,0.240145618778193,128.95141352246992,72.22525683930662,204.3670855490482,47.60504021990997,368.79115079444574,64.4349337367226,49.15945467414369,72.52576604151365,270.12174676307137,0.4835456467199247,421.0166471882106,19.462251182076507,374.0365897147661,32.426797241484174,130.07889548102557,50.52067735766382,600.0,427.31008429836527,45.40016211961149,10.92642103096214,0.0543320348229038,380.67747212519487,25.954178317609035,417.912963955258,580.8804596485647,51.775725385334454,88.16906118435081,267.8282996737893,700.0,4000.0,10.0,255.29037872978,69.10558127392618,34.22522628300839,1.6592480632597884,187.874922539303,391.1773712369424,455.66959503931537,407.1933896343807,453.8324165446137,288.55854119395326,437.7443251979483,376.0571663484874
2021-05-15 05:00:00,10.292247147901223,205.19146151781487,80.81435704730688,311.4452379095001,170.40177012650892,510.0910775071416,0.0758633281086639,85.44379369503291,72.00365365460743,12.69317783017243,66.36711653626482,1000.0,167.5594271295709,6.420893707513409,48.66689414247029,248.58738200421365,3.0,260.4789886360211,36.77593508772896,405.8848940450688,256.12411418146036,365.41048249036487,96.71266152591704,436.376919783064,595.8337666194608,68.82742357802371,85.39619669554222,0.7486452341262,796.5922403374863,43.699588566562085,166.0955165578023,49.96785856161744,20.263263413534315,81.41256855911618,284.0775757539675,109.35780649896364,509.6547925602908,0.0569787269973682,1000.0,27.163318127436963,208.8334979084973,66.17186826439566,291.2551032412287,698.550390105968,10.467058913366634,140.16737627570623,313.2315945070511,445.3292277309212,303.35073521019564,256.4373711526339
2021-05-15 05:30:00,484.9549260809972,377.7755692715243,449.2770942635396,42.673732496884,465.3786628017824,658.1193380213831,0.1288797219106492,334.3216099622155,64.11476328852973,78.07629868309517,93.6829739324758,296.69599942159095,371.7541281458039,58.19714019143988,87.34232380816606,308.9236201006069,0.5502265421562618,311.7928440013799,41.4129752528927,328.2393036657513,280.7422939797619,490.64854524862335,41.77609792750997,56.29019520596851,96.26368954082936,52.4886321248651,43.91498166337483,0.3175867952611166,4000.0,59.35609353787859,346.80902873689763,312.7814470166263,58.75858711094018,68.51343098744842,410.6941814503471,297.65163296374453,700.9845324428377,0.4186072749183299,270.01353291292696,53.298470947140046,58.17924258224794,120.0,379.24618223257113,600.9205856519379,157.886575624748,66.08982887693587,187.26910386888227,298.4726117065863,429.34906062228697,250.49876273586486
2021-05-15 06:00:00,416.22132040021086,114.39908274581124,303.21452982979497,25.840860584303847,429.2063759215059,349.6430646830194,0.1280458389577724,464.68799456379287,69.39484444671,357.9861144236988,73.25720972102503,177.31107882038827,80.3799480241541,26.899340443509768,90.07018640112585,434.4524922393591,0.0434125328548191,44.56221605800831,82.75378955668742,64.04787318310001,280.3300472080855,128.2650312221239,98.4110319036498,351.84298873039785,179.34428480132132,48.55896996593978,84.69688542070605,0.0001346930044853,569.166442888725,7.308156202701499,278.9635959892954,436.70328944707904,70.11395944174737,11.043186341110268,284.0775757539675,132.31751346267868,853.6303717931356,0.458431424131438,254.92700477522885,18.463245734736923,306.3979177682552,16.301911381488623,258.4904760043048,408.4578328851164,28.44069888882328,219.92781985691744,261.1284736974254,287.35052300122254,428.6154686848955,298.0250578804751
2021-05-15 06:30:00,600.0,38.4899549143965,4.598525808314824,245.50173566532268,273.1618122240889,269.3090437513852,0.5772160721824833,278.3814465069649,54.27244433475962,329.4619709550757,21.494037859075675,143.61949582704088,408.9835120595311,79.75591006371882,42.17209268734554,285.30487331941487,0.6331513755940223,377.635210248404,73.3614380561402,169.1337529972492,301.7438332982274,327.08730073703725,59.40440392477651,277.8543264289793,386.525726668907,2.7536719869465487,89.30902051954149,0.5111291392372298,978.4124409512922,62.234326461724606,327.32534343297726,357.0482225845039,68.01118854469726,28.918744629594983,242.54732998977008,330.9844723969343,252.75558571923085,0.7250060762991187,250.6378223128647,34.2107620863594,469.24107910707727,23.38128330930641,267.9421433723554,221.1186403936969,383.2636581108136,321.9782897238068,817.7626407668373,214.836681677574,382.3254751924368,497.8672260256615
2021-05-15 07:00:00,90.91248360355031,144.87572645688402,50.735771433016055,270.31756080505323,375.4355338957487,517.328564445984,0.1388271726494101,285.8063447349499,25.17990589069528,13.547996251741743,3.1183135061284672,148.15406022799505,416.06708897887097,31.036195892357377,27.68277972350516,15.19352984841843,0.951403342206657,63.85674181761741,76.93048936413398,464.04182016302485,338.2339686131811,285.14260942114464,59.40440392477651,48.26723509772041,264.6603435525222,50.545511791044994,6.245759361907144,0.0468519085276031,212.99519328638803,98.11778367622944,75.79753740004969,123.96825490651824,51.775725385334454,30.980687532246897,166.81419791843282,407.4698642702696,685.0822158904615,0.574287575090211,25.121504911491066,42.99576197798217,330.88886623581925,2.370775364451838,211.56510715120896,621.2316323101489,351.0537270568963,190.4759225117375,709.7912246653982,374.9299656441344,73.34755700759077,217.63113982827693
2021-05-15 07:30:00,91.7022549267169,80.6106436270022,331.7508845540279,318.71495074910325,377.2714370423412,418.01700522344754,0.6408747448032146,139.98954683014207,51.91085982277655,110.98608096647472,26.22640442998251,116.80387552495498,253.7338668804181,49.61539711081048,59.23503285933622,465.47434775348887,0.6016118201463312,413.0338151262642,1.1031264428647214,112.30780592192596,402.4944998403849,282.66512728580494,16.5954895295785,277.8543264289793,258.39222365401656,96.40174071177024,88.34647629860606,0.2761695578208994,115.2528984006229,58.53441154396289,437.9415417585285,484.0020194229352,1.5394891691308477,24.99569463976212,395.779101295685,389.01262157232657,801.1923277562081,0.8265680918507059,17.455776328111906,83.09491710550684,38.401524157210766,83.49472056944037,339.66037844937347,621.2316323101489,165.6761093681585,27.28270414134948,592.2359883869292,456.520733444928,345.1614234503645,460.3457003893098
2021-05-15 08:00:00,152.12112147976887,257.8951800073126,2.5307919231093434,600.0,51.56193441796631,625.2905006657849,0.1818800843991448,384.74646659596846,18.159771680142565,115.5373982940357,59.507793070025485,21.046594818180942,3.19293585841679,1.1620539908100636,91.2363345616691,344.7633755157806,0.8191888594267902,391.0140438351929,52.747671394718836,186.08351191875667,134.91036006410718,285.14260942114464,88.1927758304644,6.202018138657395,546.4143814828019,38.420671298580025,44.831905536942216,0.7069764874557162,793.1423905813864,79.25951162883833,269.5472763680044,357.0482225845039,58.29260568042631,51.50056597097231,225.64705651462745,380.42566546539086,648.7276826373543,0.7770492856517561,275.579980958186,11.98910934727121,177.33310249254143,97.46905960485516,513.3332262487672,926.5577878734022,337.8314511035365,299.7305698293584,527.5808855800913,287.35052300122254,472.5120322902844,172.50841996228306
2021-05-15 08:30:00,1000.0,404.06018978220845,80.40402570874933,487.9260397312673,451.27645333978336,169.96117326848633,0.3456672833238632,93.52187427876169,90.84505613336285,335.9463717993642,5.142581348425034,8.936967366706906,143.5190665874564,49.61539711081048,21.066218900566657,338.25669288862326,10.0,354.3723488714882,48.13441516353236,285.48911630019535,412.52470509003103,486.0026648157685,42.74896879206152,234.3839827322529,434.1389337907767,3.899601257491159,51.04324890042322,0.0626896216218658,826.4399836283943,90.78987937796194,141.23621318500184,250.00113555417863,25.310153917960875,53.55538148796726,91.72109820171724,93.86120284612603,729.6756126599096,0.8622029736581888,219.08930662417225,73.49258473948942,275.33168972042574,13.54595367946908,136.88645924366145,684.8092420878696,262.22169098977446,451.20163805533736,930.190855290512,90.39257528118976,341.27023938357854,27.366353462492945
2021-05-15 09:00:00,215.97250932105788,316.70187825521174,285.0899610667597,258.15017415059765,252.62618622392856,976.9553268995498,0.8967884099060118,161.83961820212184,58.339179476612046,9.855268877182075,49.63662472012364,296.69599942159095,308.4634591878711,120.0,62.296658356348274,107.8375761988586,0.2280797719489324,18.08019026238106,1.9192276823056689,219.7024948472261,249.12784113172685,304.26363634823326,16.223340578247935,150.6326303800002,372.5850241726082,3.095579091934353,62.65925110932103,0.8393384923560023,208.1865062085186,94.37015928202209,212.61409271884696,96.39471657587428,45.02542461428904,35.68859751711102,427.4870097807372,44.19247349225935,685.0822158904615,0.3138754967224705,419.5901974901493,53.14549141893053,201.6038780666261,23.147521376529813,561.971162476996,193.09070337443504,262.22169098977446,191.60768297362583,165.46145300080155,134.3988075150991,600.0,102.12105318421445
2021-05-15 09:30:00,262.17765730597995,435.7302950938589,285.0899610667597,245.50173566532268,413.2287330538708,987.5896700316426,0.4739616402628723,212.7182193082084,40.08514167636399,52.05429099228692,59.68428489168892,213.8865668679312,490.5930890137117,47.99388347171235,63.156022009252055,329.4427351163286,2.0,151.5641779726643,25.98132087450342,306.4697912472628,38.52913956716558,285.14260942114464,1.260751997575904,299.1787421488794,386.525726668907,38.79867599468695,92.63826067300867,0.0038199226585831,339.02454966274547,96.01356044054472,18.78554519945369,521.8715401671692,95.75810150838171,120.0,441.2799383861736,349.4744142436928,685.0822158904615,0.538022705363903,80.33979235592258,28.794534267599246,416.82200523758615,86.8409523946934,419.6708391739732,621.2316323101489,227.09183136835304,246.0281378792637,352.5407319141244,99.32228844870288,250.28965871541564,209.3475716638421
2021-05-15 10:00:00,305.92644736118973,257.8951800073126,325.9806297513003,397.59309738435184,273.1618122240889,728.3455426177707,0.6675577385210272,253.80518934222752,46.20058036441327,399.9580426865947,33.424389081696084,192.16332357984084,315.90676350833417,60.00205481193037,54.394355486266406,196.93220282707924,0.6109809888509917,131.55628495542143,76.0289823122135,471.5379188723538,29.2754646219896,57.04789244396669,59.40440392477651,148.6189038543086,497.7984228483509,16.002493646319405,1.911609442976403,0.2468238692019022,115.79712702996602,52.14596387214719,63.93340061120878,111.2184607442349,39.90353176424348,82.85555979060814,284.0775757539675,184.1736068971757,964.8281322359422,0.8401080784391999,12.485831058524798,49.281958453282456,407.3355023549946,92.64637979561849,497.4984633544175,4000.0,206.1398639158328,221.2886729664077,414.94406821364265,123.42851379786646,322.8625216755268,109.8174642972845
2021-05-15 10:30:00,69.74693032602092,93.28502944301792,112.13465473027988,135.41612563103712,447.7616142481002,582.4867297097084,0.1723198712016298,121.20486620754012,94.72833396118152,89.27233102716681,77.09122037458219,1000.0,129.9017905320799,29.166257870930323,13.15676851272598,325.61648852074603,0.4110284698067047,180.06820373575954,52.747671394718836,120.34635591625248,167.1191593480304,75.62341436746728,200.0,149.95955575349234,573.9350966612935,2.335209632818591,47.68434683178171,0.7409040561520714,363.9777497025082,97.73079079915036,382.7733752579304,199.67695834127755,83.98016066644267,78.92928483196856,37.84986365489373,216.1731132016737,582.3415709669064,10.0,224.51938396506293,29.994206977702262,305.91551005161074,41.96273828068103,342.5906017254068,801.8387956090613,467.3649577441505,24.18135552439044,804.183230991509,153.2077246755182,255.2852043642518,0.1135191091277687
2021-05-15 11:00:00,146.07232426760908,446.27949924498887,356.08961067376794,219.48571035281805,1000.0,378.57485465769497,0.5772160721824833,57.41841236960177,15.33514031160802,239.18565903063137,10.65982531337718,109.12694393253209,317.00285154980565,69.49818861265426,71.58249646820886,53.29651515399536,0.8398613028667203,43.82137338191927,53.531013145259166,60.75068815045904,392.4484885557338,112.65846497561756,71.93536223691585,371.5965993658017,386.525726668907,75.62136139501769,68.77220424305607,0.3162701497293068,795.8276865268043,75.73102071344388,0.0058173776830705,1500.0,18.854060574925114,30.779583168074566,193.9130449584656,600.0,539.6460693939148,0.8895193110437631,118.73927837612874,59.6081955238306,186.72897256635264,5.062247226907413,472.1196868259568,206.39676006197973,125.43954994535012,410.2437922401374,993.2631581457742,277.56689337659424,59.97647086548491,457.5007688737636
2021-05-15 11:30:00,183.18092164684583,269.67112095782534,118.62454374840004,39.22819067113298,5.41882574014918,832.4155177362538,0.0408686162664788,305.3100212208163,58.62298320167972,119.09139052336326,7.513778173580876,474.9805919751127,269.99268985792776,86.01223971892045,90.9032520665641,328.92265230151804,0.9000231233980112,468.47891151553137,21.52018720172375,285.48911630019535,353.8404673704579,125.483330670149,89.02580530178021,24.071417989176723,20.907761011054284,45.85230088818907,56.3164651721629,0.1018923880660135,566.164474941321,16.16714362369619,700.0,525.4201398306955,67.24604980250288,91.37884438732593,401.7688297313017,129.7882246375246,461.698479901657,0.3714672626243768,24.807186669418723,53.298470947140046,127.66818688162206,3.93918336928194,29.396230456890983,100.02764696084418,60.22366999828272,413.1704054750934,316.60346328143777,293.9958147319164,156.03202232601032,421.9397056154645
2021-05-15 12:00:00,228.034992108518,403.7200775820313,162.69984907963385,12.675371707728756,452.6909882096318,667.2424991566605,0.1689350630721645,144.3152766201279,50.5888678884466,49.72069637967258,72.81887562036033,393.1725072077761,280.38974525447054,77.98509888933498,17.968310887024195,499.7068628853333,0.3534213793027181,276.90112035618813,1.2120774643893273,443.46245010463474,394.3074823362032,425.3080289205689,7.940658464302952,451.4474975959936,389.11279470637606,28.924477197265453,69.2532431537108,0.3602339188004279,413.2860338514593,58.53441154396289,278.9635959892954,410.1677366411608,97.70069544389436,95.2815017002506,450.8870142731144,16.83820193723201,238.3219385597841,0.1951665172186504,362.2991434238145,16.440552907887874,52.93715910656466,49.44987869181393,494.6606463721304,740.9233412925445,262.22169098977446,294.0002317148142,886.8766007233726,213.24987362093057,401.19801527681625,371.1461157434736
2021-05-15 12:30:00,392.5879806965068,448.0456499617466,373.2457025590121,481.32420733896254,45.64333839306678,2000.0,0.2785903390319586,290.6191107113061,200.0,121.58609549972704,49.549131620619846,296.69599942159095,53.490319413479206,3.9618825348357145,23.754332492387764,24.10601943027801,0.236870558974482,152.76215532901176,24.12014575995415,322.90540632760303,258.63452822080467,280.61139414126245,73.14964903403623,1000.0,49.65852123641842,90.00831830164807,13.443512940812186,0.2703932863845255,434.5653654156973,71.8331175372004,27.31721000048615,482.07521037099593,10.18931008729368,32.67425420300408,101.73637124879792,439.59288630062383,685.0822158904615,0.4893925374065887,55.796499978623736,11.658307455569672,177.44884174327703,39.2895108893179,43.280538269512576,420.9365583875851,484.6609061420895,176.5514444691947,847.5604843886122,307.7103899104177,430.7090230477587,83.90729782301432
2021-05-15 13:00:00,262.17765730597995,159.00173748593193,324.81644952360733,417.9900602561029,159.65681879520744,919.8344660444582,0.1770104842767468,77.18135763710116,1.8110183820840509,361.1334659278296,68.84023964277361,208.79038789246417,380.513951251014,48.0506947257829,97.13950940416396,488.58709211065866,0.7414749451497564,198.4907585371417,97.58737549100536,142.95339461958005,220.09949897774527,261.6954556871832,18.741194409758226,333.90234161320325,169.41218779355867,11.61389602005256,29.93955883716812,0.8427119021605549,101.21826314392132,24.734031581908333,486.5390814861664,165.27138129964942,0.8319942227192012,35.442494879305485,284.0775757539675,121.69834160926524,349.3112718933809,0.7416414518360422,304.15975000388585,54.66956820721302,206.58625860385976,2.865242757765452,536.1497582904602,329.0331984564342,188.9196068635933,399.8916822228917,302.19165787758993,40.78746280568296,68.65001635778512,60.18178810499303
2021-05-15 13:30:00,257.1172192068058,55.02596226383838,424.611705247089,347.987103046849,475.03098352540246,840.2835186308521,0.0887025337570556,240.5700509274088,87.21239089441515,427.8482340531429,57.63193810698315,439.55915378108233,270.63328933805514,10.493017841817489,18.09769527094897,203.4539803614353,0.7414749451497564,223.60127025241783,80.15371118829896,407.9734694843086,700.0,285.14260942114464,85.8177053157164,296.6107850536921,54.52432620170758,95.59188289553192,56.3164651721629,0.3133479175851431,369.82047480871233,64.06151835488873,1000.0,382.4269777720594,43.35827926326144,50.56341534219588,284.0775757539675,278.668584786504,929.176760991678,0.4925690707532976,140.52487508344458,90.24130332861034,337.9114625520368,58.32523923125568,595.3383933984131,111.6077228105729,31.01838181439076,277.3435123941836,459.3993221793003,43.89411852907998,476.1933761993623,33.802374736191574
2021-05-15 14:00:00,296.2072844310212,113.96758127097084,328.80644615017167,204.4764722071349,475.3035734687781,667.2424991566605,0.1206358711006008,266.2947162757929,93.21182824836124,415.1099322834958,24.640203323910683,296.69599942159095,481.4960019294973,24.204501586252743,85.4385093369579,435.3767251686296,0.8226143185136784,300.29716668030864,150.0,430.684998181718,256.12411418146036,430.0698466747175,81.90635138616561,446.1512490698261,370.2013627106449,31.39667173773528,80.4437207679505,0.7889324717760072,681.8128674741374,66.66004790466192,152.09935981814044,351.61267022337427,9.26254830513672,49.770031985722824,194.70246948943765,19.489660330565208,685.0822158904615,0.4831808633136685,86.74802517751101,34.39576865576856,329.0799121487867,1.1302536589022472,190.5591280625312,621.2316323101489,169.65263365478373,412.9661542750081,468.7055823632672,85.91473017882922,164.41130892430468,362.0145943864606
2021-05-15 14:30:00,23.22520635999886,213.55389431312813,284.1543016677358,86.64716003542289,286.71894406164307,753.147557549524,0.4607787680327257,25.91176841121345,56.51331835892089,198.5917648092274,81.91023176741997,233.70075562493489,170.93608301934304,98.66625932671464,49.22778564480348,391.1927420291368,10.0,257.8397138482489,48.785404392636245,423.257169345139,217.00968308693763,361.40715160424185,54.07937549855444,92.66508976435722,418.222149825712,88.84036723086813,27.875987241455302,0.8918721448107347,976.7749994347214,58.53441154396289,278.9635959892954,503.0416185371972,74.83843496762313,87.63194331423115,270.88048213378164,283.6381689114141,4000.0,0.8382304210818006,270.01353291292696,73.30001072226231,35.05406982062848,78.73719581492729,141.98476264576033,866.0356618833836,252.9658271597792,315.7293962915103,636.4781849678708,259.0387490201724,331.15686936536,250.49876273586486
2021-05-15 15:00:00,303.7724259507192,409.00738296124655,46.83738391404624,78.21852133554302,600.0,652.0736763422109,0.2063337184057925,168.3021390969603,69.66508238768922,334.04256828532306,79.94158789689793,296.69599942159095,316.31094656697405,14.249554290151323,24.723107440317705,270.12174676307137,0.6675498992914705,459.6959866072087,10.973619867750353,459.4632668197772,44.30021483980862,285.14260942114464,71.02427986233116,39.48458109541431,86.40283007822497,60.29428764794616,21.070496386720315,0.5896907655270768,862.3547442855096,56.50853124527563,115.20833105867496,545.5304950791311,91.45486638485588,10.25679625835898,484.0329060253795,600.0,419.432194789309,0.3614037790671863,400.7228881114768,65.8661354939767,197.6296577155789,30.64328227033716,339.66037844937347,961.8684816453292,80.96150331610686,392.2027366063987,636.4781849678708,106.9973393491568,375.91257297834056,250.49876273586486
2021-05-15 15:30:00,85.26206184364577,430.36529162817175,183.8579015297168,245.50173566532268,273.1618122240889,476.418732661557,0.3642698610480754,67.20733846948713,92.24993811772956,102.49214770791048,69.46964708544267,83.5169730460376,280.38974525447054,49.61539711081048,87.07499012725114,700.0,0.0955353138346681,248.48174145291512,54.79594889736929,126.1205100866808,110.30597635560562,353.9175486148843,31.43501131837484,119.75508495476905,242.6265521660881,52.4886321248651,200.0,0.909943143854392,642.1475835994764,77.16269109786077,0.736911043155708,27.05092745688435,43.402097270875885,39.27307432714162,33.28236395711143,448.9595934788329,146.79041677993675,0.8597946748116456,196.0467884522864,93.1554914309481,90.88943360868096,4.02580030092321,166.75527773374688,609.1704555519602,329.051109028246,299.28149660888,819.2421739943038,141.64220174628866,405.9731173189417,59.570335998024085
2021-05-15 16:00:00,32.52579649263976,700.0,132.60118384086272,274.61333235306023,146.60538584903227,939.455635018612,0.5034172708548569,275.68234444123874,70.72386343133986,146.57386513050662,27.21451372299627,495.58431306848826,51.254863995339626,61.81557343181191,44.53052550026655,439.257780650674,0.623859324676573,496.07900741165633,45.43773345599609,377.5209643731391,299.1126470318694,271.769108671323,200.0,397.2891393500951,284.6171751942144,98.40131632104642,0.88632851134689,0.3773180539631928,908.7045442073554,58.53441154396289,364.67239704399816,410.93155305409977,25.87116421554409,55.33711897497719,324.1590037260478,444.0590944670179,128.56938883568975,0.4068048009517235,270.01353291292696,82.09810172991409,78.40635265840284,200.0,522.0261822398779,563.0151949659048,498.8746945051003,207.0705341078331,400.77344275579895,200.15641808649704,472.8748511129651,256.19641036605327
2021-05-15 16:30:00,1000.0,257.8951800073126,121.9948216895418,357.2979613500312,164.332272684958,879.4575005503675,0.5772160721824833,494.9801161949726,15.253904291426135,448.1679092605599,59.02306668690871,115.8358506917217,468.6142436182256,70.2464970544104,54.394355486266406,202.0701608255165,0.4517676787372291,425.7124788725479,84.4357082739616,285.48911630019535,367.83155711959495,40.86267287338913,82.16368977104716,17.33513336324166,234.0507526213316,28.84054378187457,56.3164651721629,0.9640784164901082,804.8785719687634,1.2103116776107423,483.42274989964267,50.06476348944283,43.44033190066098,50.313247255154,284.0775757539675,162.64530918087388,481.00162973787775,0.3282331056783394,62.74314839957535,56.660525890546296,413.65107486862297,39.76844144330547,79.64870345133649,176.550746940317,225.86973799072192,478.9729299630688,757.7833111985443,405.9330620051899,303.35073521019564,174.41595372931508
2021-05-15 17:00:00,262.17765730597995,208.7055015743895,486.5052773762228,330.0986883588656,273.1618122240889,140.69680309557046,0.0393121398410989,161.17692248736148,57.62883601668132,6.500961755368017,36.09738969400268,471.3658870675628,343.94286115040666,55.96486834869141,35.92333693997657,270.12174676307137,0.5866084631754741,104.2552571786679,150.0,420.9992764450308,499.1737556964748,229.15032076432823,45.92651971732139,291.40341754174483,90.19450028141196,52.4886321248651,67.68212988573956,0.0892895245255729,802.3385112138824,0.9038469079292176,112.14674164252251,338.33802574486646,72.3447817850001,19.38630679368927,187.7344642332501,450.4804478452339,685.0822158904615,0.8265680918507059,386.38570983253953,150.0,20.95760835812877,97.38004133571496,93.05401390002778,593.9855213883397,600.0,270.5569124394224,478.0099038660966,6.931067956430059,429.2532272757773,187.41246217499884
2021-05-15 17:30:00,404.19867405823055,257.8951800073126,196.5488623333802,139.9669484729714,376.18726471884,667.2424991566605,0.7994103989090426,404.9372229273174,60.67150463828559,42.75426542723404,9.158207332663416,324.8233244961842,33.91852955258595,0.977084741918366,59.29508514349274,600.0,0.1680142077448634,465.2976073219581,48.82411370217782,364.2453385808066,466.5566656717788,242.3481435650235,35.77982653254418,497.71875809565495,262.98971830873575,52.4886321248651,56.3164651721629,2.0,512.1961831032143,35.702934397001215,331.5235959017112,186.82698284533336,0.905416158037098,85.88167711681547,401.9072725967234,498.0788367493894,646.1622599861253,0.7624469586748684,118.46666245332432,53.298470947140046,209.59143795106067,54.41986625037022,587.907901958357,441.98117106885513,200.35208341723333,700.0,620.5237868048861,324.68941011831123,65.84345171810352,310.6653120778536
2021-05-15 18:00:00,262.17765730597995,59.9326836668414,446.0232775885567,477.432640331597,395.7895218629243,438.8170301902446,0.6279003894909078,127.32032738188192,42.4130671302386,103.94312757301364,91.73135754622427,303.86839743942954,150.48178347340811,32.64613082439919,16.352387258502276,270.12174676307137,0.7368737449441821,58.183198942738045,15.004866469398426,388.2237232498623,321.28259976759574,82.88727008163788,49.42124472502999,427.8480469187697,455.6832677288825,38.55119047369223,29.46193963461932,0.4938140404569286,458.20476365905256,92.6194068431782,278.9635959892954,197.9304277228419,150.0,67.69407829968374,216.7361163778172,283.6381689114141,892.8757050756917,0.1260020278639942,338.6965649444364,39.95187845869348,270.23161670310725,27.52391810370083,339.66037844937347,646.4217527952193,57.57308919760057,110.24381970737464,849.350595993518,334.43826552034267,352.5204531767964,250.49876273586486
2021-05-15 18:30:00,48.83605700319193,168.807585701814,315.56931299863146,368.9484583478842,394.80907139727697,829.4979977036496,0.0817590319488719,340.7513611119646,73.64442356247228,13.266101936909855,13.68186309189614,256.3442555082543,354.0860443226408,51.771164338471145,39.10815366517607,381.1425673883079,0.8627970775432285,408.7248542455958,32.467592689006,328.08091884053573,210.624026647036,472.8490735001412,82.82492524372184,260.72284452179474,61.18444542928817,34.03871042545057,1.4315277667059978,0.387648805455647,372.6241559498733,22.86767796036088,278.9635959892954,357.0482225845039,61.32916848873791,83.79083748518036,498.5911769514752,283.6381689114141,894.62333486685,0.1964192158720173,282.8907774204982,32.679470585777736,439.665107839237,70.94388646339748,511.1945901687926,621.2316323101489,441.6368007131119,312.8253947136382,823.7490084854958,399.3278901783183,370.98886475699294,55.30179943658042
2021-05-15 19:00:00,342.11651325607846,471.4548519562596,397.4056517708242,277.17702625570035,45.60305152434518,988.54851638345,0.8735786241067772,380.1139299448433,51.91085982277655,239.18565903063137,200.0,115.33490585887934,33.67530073438585,8.786649914483336,96.94123223352877,398.9068244293172,0.2167398000907756,255.5584457982777,73.73570773877996,88.71438473485344,318.0886823541164,424.98768574033096,33.520804737087275,277.8543264289793,66.50440816750401,54.14076073475852,73.78695185615301,0.6327118787486009,159.1253730589292,63.43636888716871,211.31459850680457,2000.0,63.76882468959355,200.0,1000.0,124.50436805454495,693.1408691190092,0.8265680918507059,464.5723586058437,1.081108363519634,278.52025663751755,27.149200254271133,208.11103886388045,316.2692111053301,207.412827760676,246.0281378792637,879.7808651857301,466.3764695301566,338.8616206006602,17.795115403238192
2021-05-15 19:30:00,220.07624686980063,161.6014660103776,251.31854655259605,600.0,247.2101523512908,235.37520199317527,0.9208724005318132,297.81937030392214,51.91085982277655,291.5207804848461,44.60057729579557,296.69599942159095,291.08523008813665,35.06269312091808,25.81334327011276,217.7916574064665,0.0957145555201617,438.9871602225348,47.601812936876655,272.5134594484692,392.825809040116,334.51116866455413,59.40440392477651,415.6867571928549,225.7673492648709,15.41450431784871,83.41445970006758,0.7038570916343312,642.1475835994764,58.53441154396289,151.4654528202146,213.7489800878861,24.20220799808772,74.83558536657398,1000.0,288.35119942887815,290.1086483256379,3.0,193.66125898765705,82.65510741914642,115.69031818842402,90.42432914075653,412.36057472195057,3000.0,193.63720571242067,92.41919897351248,153.65559281019313,10.068924474644913,126.1573680675765,497.1651513428574
2021-05-15 20:00:00,61.01911742238941,259.395310871683,288.4519423131796,209.80003121389493,28.779380008322143,634.7176438169216,0.0610779598548637,600.0,51.91085982277655,210.7122752962489,18.513292883861965,110.24310453508768,172.94152847647837,3.3203108791366565,65.67366645412922,270.12174676307137,0.0236385860463363,434.0283450537252,37.58882851457693,492.3348697622541,59.16809546169366,231.1477805003036,71.20140203307808,299.48925408860526,566.2009127389765,55.37114853580112,74.04761319535191,0.004363269650309,321.94327148022217,58.53441154396289,162.64756701151555,444.9654493423626,71.40527233781268,43.92106012497173,110.05566295237657,33.62795698368393,876.6971482229849,0.5677273179310546,33.08259441722022,80.0980700403365,251.2136435831882,150.0,364.6602598389864,383.4266001300061,329.84513646523715,29.793548676571856,636.4781849678708,76.89185275660809,436.52157350760166,1000.0
2021-05-15 20:30:00,247.58845505563508,351.50947944758894,246.25884690943195,123.86549475057872,274.7644411618677,442.80177096791937,0.2768776481472037,205.92045707363425,11.323804584075525,1000.0,57.63193810698315,93.21913107212724,310.45775888373856,7.857849715502074,32.51900642246949,60.10452768530422,0.641971500443266,402.9627000588106,39.44762785700353,285.48911630019535,700.0,205.88277079225423,82.59782127080818,57.466498529783415,407.77213509929015,52.4886321248651,56.3164651721629,0.1669530887471987,535.6693627391815,84.8042089601484,356.31066654925644,254.6258836328444,9.13914863317764,61.054675501542455,175.2602671430809,47.458968410834856,897.4840917818874,0.5793144666619379,270.01353291292696,10.445451810015138,365.7431798515579,54.98685627762052,369.8270696713092,186.98035085897703,221.01671046556177,302.1796598573856,225.9886390495866,443.0856470279965,84.42923168519751,26.91526245422953
2021-05-15 21:00:00,17.194260557609198,257.8951800073126,97.62149389902224,177.98633932563078,220.7652506866885,667.2424991566605,0.8062012797930613,174.43413327149764,98.48411989623344,408.7217808692204,87.29458358764083,296.69599942159095,22.871016906256425,39.69232762015961,77.34731256866006,270.12174676307137,0.7414749451497564,395.01521815353067,45.94467684059866,21.58686789850584,419.9011428178086,325.4867335754771,10.063747852353334,46.9286424116781,413.6285748700876,76.190181260487,75.34279222569691,0.7130460506343187,772.6999659370246,150.0,408.389733252818,59.644856179776,19.92703364668008,16.036540611974313,186.2666368797754,499.4463060166453,276.98822645766285,0.4896244620502448,413.42928048637657,57.68573811327003,270.23161670310725,5.0573103824228856,415.8688265318785,259.2072557415855,324.11673440392303,381.8461346751603,3000.0,287.35052300122254,303.35073521019564,94.93766454795998
2021-05-15 21:30:00,262.17765730597995,485.8910413604804,361.2260576307527,378.9230552321845,443.8520913791499,857.9070308221378,0.7482596903836584,464.7645721239129,83.88980864459342,170.90867584893795,73.22248864095612,175.06262958336504,435.7684030761881,13.271575404306034,13.087366071834982,2.8793302490607853,0.54669741271407,152.33956954902038,52.747671394718836,82.40740786471856,700.0,272.7159347034527,23.98741127559447,454.8134097182962,229.91359468596167,83.36499619375856,56.3164651721629,0.6663854135782065,526.4288455581519,9.539927731321065,90.80698387830132,474.5807086407822,87.74700466544819,67.36454174749078,34.356838861980485,163.31962471295546,763.6834771936095,0.6447452485768186,262.3678188307161,46.398169816688736,110.22300212270947,42.61212379522308,353.7083204148772,988.6025427215914,30.72314506539375,700.0,593.7295735492196,282.29531946673177,303.35073521019564,19.47892317423211
2021-05-15 22:00:00,129.38999080000846,481.2236474710557,140.3861812204279,7.196744314877934,175.45750627603934,667.2424991566605,0.5772160721824833,415.3097038938646,12.466268120326683,129.71171671564625,80.65611478614497,28.921338281698183,486.74448458869847,56.75408482615582,96.98210450785449,162.29291495013516,0.2319470961159754,40.45964152562609,89.20846889402344,65.86438672728096,256.12411418146036,31.136552940942806,14.19719897609939,277.8543264289793,364.3232589009523,44.044135031242405,65.85405156700548,0.9660475051286772,642.1475835994764,42.87020209864336,185.4705040788826,185.73982826376948,73.87231507265663,17.925325573928074,184.7870997133866,374.0919560244232,357.8675940344107,0.2298267257976184,387.6220259174746,11.870909550911149,1000.0,83.2363539660995,268.85617419554626,499.6932012159568,406.8616718611137,113.38631265982283,3000.0,331.5136018615737,237.73785761636685,195.90544730858585
2021-05-15 22:30:00,331.261142176991,125.89114791268209,12.15798321572692,245.50173566532268,58.53350821380293,521.8238438154733,0.2093493233367103,482.5134553332563,92.08418826173724,189.84620408363344,65.87833667107174,484.5513150704057,484.4389276428457,68.94649691372658,45.37895413836392,183.2307674356989,0.3909059959055146,255.5584457982777,95.53346865039283,362.98995499264777,293.8846804310991,256.25132438516584,34.79414115821666,414.64339965837775,25.87608673609116,30.233324935149376,56.3164651721629,0.761037790250783,962.0108208893836,2.916976364526447,450.970098374575,271.0047901675723,1.3745554011345251,69.39495905101568,232.11925986961245,403.33252651340825,822.3762811176367,0.5526622677767482,117.21280000575734,98.05682270607235,467.1520570837452,80.56488053633419,180.03516274071717,578.6845898545149,470.2519764397013,333.2609883465175,567.6505082227068,339.5333022478187,424.54900997933805,401.2008922256621
2021-05-15 23:00:00,155.85553804470547,248.6242529461927,322.7361479535839,1000.0,71.49584102641793,473.3375521038986,0.370472102791382,62.14861174277237,150.0,295.1474712574039,69.22765645178525,441.8929424817129,374.8259158714624,80.05866991090829,23.6050463346464,198.08634580462768,0.594476335186173,86.76225749325434,78.6903386255295,408.8926649284725,92.23812656681967,403.2018086164197,45.03509789054127,439.48945014113366,386.525726668907,25.933489731709447,84.59214396777321,0.950772707731338,948.451887184701,48.0890146603009,278.9635959892954,417.5574522687029,24.83762603698002,22.959816075396866,361.36887611940233,429.01163550361457,997.5141099132424,0.3721732552468971,172.54187275661687,21.469588746335543,458.2102722660331,49.44987869181393,465.7771719296572,886.2566758634938,324.38269307969296,40.05286330480112,996.8736779187572,465.8702016582541,191.69857052912948,170.6222248788603
2021-05-15 23:30:00,260.0340105889054,150.43915490838484,285.0899610667597,20.36440115948507,380.75531585873614,346.0663647376356,0.4845229851910213,365.4337376018221,51.88380571260721,134.03182041143813,84.91956515653193,463.8761415976065,65.04312006531599,20.01502442448101,7.349674733001265,347.7336033449311,0.4967668588591694,347.47554445123086,31.54068957480128,106.75568315533596,181.1177208261442,229.61993879847904,200.0,285.8861760241611,5000.0,19.462383670487192,61.360411423745845,0.702540501534807,642.1475835994764,66.24340117010681,492.42920138123793,212.82457114625296,21.440648299316457,11.755130015021996,328.364742360804,498.81414870107824,127.02340479645352,0.661667259629189,15.051936105659468,6.723418009056115,317.7071784309549,22.60790710105627,151.238009401848,996.012010441619,477.28296442940535,220.9168524009773,221.6955823415693,498.4747087058348,84.1392942538564,222.09170343918328
2021-05-16 00:00:00,273.35513967163985,142.4202471887338,470.22929217645714,427.7302920055036,273.1618122240889,150.7379469858344,0.618254771530296,469.1702284105189,59.127543574492925,239.18565903063137,24.966800885918595,497.45391132321765,379.1315979645113,16.748258225906977,16.975790508754073,194.2790506351729,0.9877855202148872,173.04986326889278,68.81347060865421,285.48911630019535,167.25564437096608,25.978288777134207,59.40440392477651,258.72317587752065,375.29261163999513,5.764758219902488,8.860471396967906,0.2980522086394431,992.1951114077984,11.850262359815156,377.1241298410404,52.81968056509506,27.080632803697256,49.770031985722824,354.38282761457714,120.74824262843391,907.6292792118388,0.1412235433731494,480.74616228705605,59.48473795019096,314.9103272173538,81.73053122132367,421.56549756956025,624.4430044102133,75.71615718498165,81.6833791992101,707.910440802783,600.0,418.22109623493486,700.0
2021-05-16 00:30:00,92.42722776276352,18.4434736772664,476.9642885012937,351.8289296900118,50.56133806139512,878.2501386295479,0.3689136395697724,90.61653308283007,39.90027038701302,204.7058260956202,48.942496364314046,86.94762460974364,280.38974525447054,10.456784033440025,51.977394855601766,224.34681131126533,0.1364397525567331,255.5584457982777,43.7603124055392,420.3515140056,13.098354266032397,393.1390996920165,62.09285674784312,215.2137051604951,526.7451842104801,34.244797883471335,48.76278096672109,0.1053649222508564,590.0340995202366,28.888493890916568,196.5976005139612,236.87420726743187,24.75597702798864,0.1992135219070268,4.181840938428549,20.17541342984985,660.3674802387923,0.5708774168394762,333.9339533504067,73.88666771330327,201.6053165919114,93.03984201693255,155.33303713660945,831.2264389397545,262.22169098977446,92.22952552994168,636.4781849678708,700.0,274.45481582003583,254.4470350349401
2021-05-16 01:00:00,484.7923138822793,304.78216698994845,457.43219511022426,237.0869145436626,42.05340305749872,831.6109082170698,0.4625347161331479,33.248133683388744,5.476163882203133,276.0235904259901,22.120944181960223,198.12100945132937,11.061775764498629,63.64302495436367,33.70031764312863,118.77206543716372,0.6951445540475938,320.486038672666,25.46706220460512,600.0,12.095881945677622,100.6818910679872,35.23749466096544,1000.0,439.9043721703344,27.02476921307833,7.764933467160507,0.7818238633449356,966.4915152278854,39.783662550215695,295.31891699731887,567.780177962696,6.252629574284574,71.87396178535302,108.83369979026804,205.595758997293,976.044357248339,0.1852703553833237,466.6025438796531,3.2443446047186963,376.198941151894,9.536092127300355,382.69149857358326,394.2469219030077,300.90336697272363,101.14697457910182,219.7088190165959,439.8762011471718,303.35073521019564,430.7228430106621
2021-05-16 01:30:00,387.5664116805573,251.3395116144308,185.0793501277222,48.91708032550074,350.48456572956,667.2424991566605,2.0,370.5603246450296,33.519724164590095,600.0,150.0,379.11923785204567,280.38974525447054,70.64757264869012,82.88833658826094,186.62589581467003,0.4043187681042921,411.24028181718046,52.747671394718836,271.11860274592414,415.8485218378867,129.31041744401938,84.144755308476,217.29798042935587,89.92388151414035,96.64173858664074,40.75430310324308,0.6441492214759159,168.0445365550757,91.95310246560496,330.5071271236601,392.20595043316376,51.775725385334454,73.24010490583791,330.84214419992827,65.04033491447348,518.5085657737848,0.8265680918507059,132.74820371453615,65.87176387270222,270.23161670310725,45.005863942622526,453.3053949348368,375.169561702562,290.86832371059336,193.3535285219889,242.86308703687857,24.6104572703808,360.19199929322286,433.0178375228783
2021-05-16 02:00:00,469.7494707820945,25.739375624994675,7.728308264433714,245.50173566532268,273.1618122240889,996.9731533665148,0.0366832028905979,287.236556589956,80.28534485980114,700.0,94.40593396866132,348.0103090268961,244.32159520233287,3.158614482564204,43.08875236618059,113.63481363157574,0.7414749451497564,66.26233637092422,3.8426348962325,295.1738452293865,136.5354049864062,82.35317671614794,47.12871673981645,386.9398278650782,543.4229182257882,55.77088262500439,40.71064891256276,0.5896907655270768,429.11267343523417,99.3255015422964,39.22790815856197,409.45790622698,73.27334747861651,51.493334991325945,241.9946840898736,11.212944581027562,862.6491375142364,0.2187098003235832,305.73180561283044,53.22918759514545,270.23161670310725,49.44987869181393,146.85405556579275,462.4333488951042,200.73088954452163,25.57510281019881,636.4781849678708,115.5404264372481,700.0,4.955347745576821
2021-05-16 02:30:00,447.4136752138244,139.32323211830573,464.1592812938627,236.73588539028285,410.9300296451781,599.8885350423648,0.2524369443440207,420.914388379136,0.4632023004602859,239.18565903063137,3.94268113685059,76.94795316992753,385.2037089038966,93.62122462436898,24.871427258762992,36.59796188422182,0.7414749451497564,255.5584457982777,90.17619921354236,254.18027345814,259.0393831194077,165.10753243574877,97.91049380151546,300.96171550756577,58.53742972634943,34.72770390305075,6.600984414024158,0.3600504659009783,302.8431412060893,4.491129899561585,272.2484795519325,386.7236491098311,60.67317247174364,49.770031985722824,2.656737834172973,180.21341357074303,156.1546617384495,0.1828377798688171,339.2499841463189,10.326500887504842,214.22895192439773,87.06884554574394,54.7671144995588,705.2565364062842,700.0,600.0,891.6413470405859,448.6928587318574,302.1564911201599,389.0231532415996
2021-05-16 03:00:00,298.94998940554257,454.13294298332687,600.0,86.60093495500759,353.1211135782481,792.0886736624594,0.7133495858845524,69.88618831314474,33.34991716911442,381.8028970798805,70.55751725156884,407.9165624953089,341.6476883032526,5.1971283651472415,54.394355486266406,301.72429669068896,0.6924361513243696,461.3785952566972,46.14774646247341,285.48911630019535,149.36278679438652,378.3757528443175,63.41421382957368,446.26164497742303,2000.0,58.0467600993696,34.88205339694793,0.9567998154842862,276.249775720843,150.0,354.6604142363048,135.41544059647333,67.28716685980798,8.355433751068976,600.0,391.86912553761823,685.0822158904615,0.825710951560667,158.7748501287942,17.252387694636205,365.7482320215696,8.352491468001876,95.96477093662097,713.9725203295889,63.4120112752094,255.85372355735043,916.3377643735196,128.09575721967747,230.44916910329093,230.36680012083693
2021-05-16 03:30:00,460.9371175115584,119.78094533348622,285.0899610667597,216.92582461898647,40.67439032094988,950.2891568941852,0.5772160721824833,275.68234444123874,39.81686935909433,70.05658788322627,92.5248317415666,112.22028591833032,222.95135318837416,54.12963353010704,70.67772168854458,334.1063992775081,0.9912559937021884,243.53095940946795,63.72014768082804,282.51099642950805,470.3396225576703,259.6929297519687,12.626474156450271,221.69000718959387,386.525726668907,52.4886321248651,11.099809879131485,0.5004011457102012,226.72265400340848,37.17240664023432,83.66065200053019,262.63364117932247,8.114917853623915,1.912896643728701,386.4047866451687,283.09034561253543,160.31488397608896,0.2857075676608903,424.054617507815,53.298470947140046,412.2357588022745,21.112594255803742,371.4782410171948,383.7154911845057,195.8712252811391,241.6471424831626,992.3794982446478,110.32552981087424,414.3544919090032,494.4202706518315
2021-05-16 04:00:00,44.24625102595975,72.44743604561154,1000.0,199.2523671986868,42.41885704259596,864.6826516096703,0.5116774421156661,100.81366002387226,53.73956029379229,434.2339879489564,57.63193810698315,111.90880741131154,136.81333314083292,70.90605194509165,16.704190790094987,270.12174676307137,0.1283942894541252,303.12646887548874,65.93539222057827,344.44265102504534,129.64837943288688,102.44063707535628,67.6177562075434,303.54478935937703,26.78983422392436,44.40437492022029,80.82352100092221,0.4327291360197046,660.172277409397,39.245818622948,390.31585871277855,455.5450830507246,150.0,49.770031985722824,274.2095814967813,156.38899460517703,977.8088201311634,0.8265680918507059,700.0,53.298470947140046,73.21812830140806,75.24683375864943,339.66037844937347,219.88893172296585,81.33040755274257,191.39205020152028,287.48385100766615,287.35052300122254,414.78135784152494,241.6160379377176
2021-05-16 04:30:00,97.9914312095726,244.7263801387815,426.50472773368006,307.92504902610824,493.31978925058775,322.6132915688779,0.5321134852653157,81.82797143285225,91.98556164127604,243.7155991247568,56.79452305526295,268.4872114467068,498.5622500788556,87.09691237460856,54.394355486266406,231.74702190028617,0.1041096493841663,382.4049004514977,89.51177407065364,436.6614579304039,214.8284063694676,438.9150390760204,32.5104015431699,315.65377654599433,264.7798708740306,52.4886321248651,94.76880259644707,0.457699605159294,2000.0,75.42649733470228,291.88639025705584,78.7962805808323,83.84918338430248,49.770031985722824,33.23166288813606,327.1710027463599,835.2765165446531,0.9699265253451907,442.42755884800215,93.8315728651316,416.464857787114,5.129384898121558,46.09815631654613,669.1566308189578,367.1828382461092,246.0281378792637,419.8954036276556,429.5558788234583,354.6944109121931,493.4479726941488
2021-05-16 05:00:00,22.613644455269032,492.82522705530033,147.22444603479283,317.5468254338219,187.13539787806016,505.48972177908416,0.107172011339776,82.13289896549647,34.634599436596126,447.2761134470457,91.5488297588042,296.4699674208516,213.09065111798648,49.61539711081048,3.667142693354297,189.8928900896149,0.7243388171287412,87.41931363020628,63.66696821672073,318.14567698962406,700.0,439.7909274757646,68.63271966860974,295.84858115316274,386.525726668907,48.889783179245136,7.231647525793861,0.2088827240051637,620.4685594783246,91.84264321454089,476.1108928487973,181.1546101320331,80.50903184956627,24.153684170168177,383.2575247662923,116.00909015440536,3000.0,0.5712604699370973,369.5334879696863,81.87402294840508,270.1482658951536,150.0,445.8077302441548,215.4932759698881,104.41546774729498,72.66334621025206,702.29712693238,287.35052300122254,52.70068869823113,377.2846806028683
2021-05-16 05:30:00,162.66516538163216,121.0276357557502,192.54886430096263,22.65200488602225,185.32107353344543,216.24347363634547,0.4474123668234546,407.2873601156911,34.69532018962277,399.9276279736576,57.63193810698315,290.0431039189056,225.69351216483773,49.61539711081048,200.0,431.66682478591264,0.7414749451497564,251.2830382317212,52.747671394718836,285.48911630019535,420.9667833959043,285.14260942114464,6.964114816240574,351.31688654275814,301.8802864026097,40.177880065432426,150.0,0.3687071708647952,232.26643862938872,95.09285945025483,21.211149103445848,180.2650829101951,82.29838050417675,35.42713272172156,291.856793865682,7.190723036042512,944.1687082905048,0.8265680918507059,138.732339862477,98.3567206513663,422.33295454511216,49.44987869181393,217.96481465103025,621.2316323101489,29.282652642266925,252.848371890687,535.4222858745825,337.4466015270774,419.4269309520344,124.30244230665316
2021-05-16 06:00:00,194.338644844741,336.0677737029393,425.5683357584285,187.3063073132356,406.39978362875127,3000.0,0.5326172664550232,332.59861034810007,73.75012481097484,212.60675223461672,57.63193810698315,45.74341869887744,700.0,33.94501925428061,54.394355486266406,259.54089256810903,0.2741606665598058,199.33151388615656,6.665204056068996,80.0358174772865,256.12411418146036,285.14260942114464,17.48814371759594,118.71673418740312,354.77593430603946,99.3848388899698,52.25765993367452,0.5896907655270768,642.1475835994764,57.71225860383208,132.66306877773349,270.57097800481347,120.0,10.534548448133318,390.9799885789796,283.6381689114141,176.59313750780683,0.3745482433795812,140.80802105281586,25.9670838950414,700.0,33.44011789887487,297.5464545533231,724.0799152506781,276.18306890861714,31.020708478277147,476.55058004050017,1000.0,335.50649026645493,269.19748964347883
2021-05-16 06:30:00,135.67451588694794,380.8098076643588,158.46100257813885,312.9299578571182,473.6242886919293,645.557171005792,0.2424705036347296,261.53271238455966,45.22179408898072,11.2346541600587,29.73490073725508,438.7304313151902,397.4047743749647,81.48251137465122,47.46308757498139,239.5909388148655,0.0794193689889866,73.18699608112456,51.84080219452041,230.77873720989496,401.3216548978552,225.61967209049405,85.57372589057863,256.1818887728953,45.368661939189465,88.0314762148927,29.95656779538739,0.0523550201874724,672.3592364473557,35.71211593005028,300.77693964991204,588.6138697464673,51.775725385334454,22.236130474817028,375.8734961979202,311.87154243200456,447.0378332620001,0.797732263348214,481.68016022301896,96.9723632797977,189.52024269151752,39.457231531892376,558.738538910428,730.5503467550064,297.6148663597008,246.0281378792637,422.0301244020337,379.02021050560825,348.5120830021498,496.0678197392914
2021-05-16 07:00:00,414.3687545759647,1000.0,84.74637334304624,251.56812929004383,493.0005319114355,305.77852495311646,0.2692432309493809,179.41524206175126,22.4604822939982,134.33867969247305,92.43961953765304,132.80002129435303,346.84111289074434,8.011484638467515,84.41704489691972,12.821032903217844,0.0856582495964305,183.7672111457657,120.0,4.665809913546648,229.0934433689464,492.4948280704376,22.71795570235149,52.11240140417384,386.525726668907,62.34059581594401,56.3164651721629,0.5896907655270768,3000.0,78.75490858587793,148.27995610296534,357.0482225845039,51.775725385334454,51.922457078020514,401.50103597891854,381.15131225048,163.93140013960192,0.3673907286970704,5.142247967846014,53.298470947140046,457.5303662586112,52.99405869302329,339.66037844937347,778.1248995936371,435.9565306402528,246.0281378792637,634.402568749107,380.0027724810493,181.49142020193585,428.7653038759618
2021-05-16 07:30:00,178.37666334679463,364.10817430592977,278.4006312291751,428.2449205941612,376.6890926294708,704.5306159652711,0.3772841631046226,438.60027040655416,45.24395161326934,270.8171073304335,97.10582451653676,64.75746064140209,280.38974525447054,89.48166560605276,80.56701529500532,170.6239138130782,0.8941908746641183,34.08615469274678,73.74337687214856,123.3394322608115,241.4844360426776,386.0062381549952,83.704112524294,192.25566382240623,344.0125899412467,56.93773611822828,56.3164651721629,0.416504431903879,706.7172659824566,25.100138326230027,357.2120820356211,320.8465767407451,61.678360785254114,60.775268309565256,259.0040332023124,19.469008343832805,289.71379139502574,0.0870172183027887,600.0,34.751879531375465,270.23161670310725,16.136735838838312,1500.0,621.2316323101489,288.4908062088409,283.0092124439105,618.0340857760738,156.29901245415007,439.63977807850335,48.68344689561055
2021-05-16 08:00:00,140.46725484369037,600.0,468.0773870803905,329.3468158094725,188.1297927654579,656.3154164121063,0.0200711977777263,196.2225537113177,51.91085982277655,316.73910991307366,94.4266489113434,444.3740399344886,41.19052280792135,54.75923761537362,54.394355486266406,190.09780939292853,0.1918673247187429,12.905953474743493,51.22219208126745,363.2308575565024,66.7399862079719,13.583710612779909,27.927608845441043,243.83353431063225,219.03706484014177,62.06604798245841,79.45155444907486,0.8221798868164233,333.9144813185495,56.40740288335178,379.5026412609655,124.03151556708208,74.2881493667939,24.535231416621105,70.1622590967575,418.5598139153261,306.4291993339051,0.8265680918507059,353.1230812776311,5.034952696935324,422.1061626430716,57.19958782835928,27.93580056119504,549.9630927683096,172.74042686172285,1000.0,245.3120506578161,287.35052300122254,362.6858001174288,353.18599840499803
2021-05-16 08:30:00,271.34804157912424,316.15291529678973,348.0148983374865,81.46721354071485,41.750358349334384,422.3464462295565,3.0,600.0,17.63869865062233,128.94384271660115,57.63193810698315,477.8257491148767,340.24965103735656,81.72977699624937,86.82712805132586,199.41139044845025,0.3233715621155207,67.58314457741137,68.02277792083532,495.90497567468174,40.300756878562325,32.602295630246026,64.28819100587077,326.11212977273624,442.92062277867984,20.131210782243325,70.70864772666981,0.8503480011198954,410.67298764478943,35.85784615248732,51.25798203323723,582.9923963376516,73.79173933540254,5.773215922511721,335.57873668984433,309.76310001815165,522.1964899428208,0.8451208514960348,311.3447704748987,5.276525785960262,242.01028625470207,80.54323292999864,67.32725760280624,757.2242705766141,262.22169098977446,278.9368378300366,524.5658537665952,104.84513871510045,56.29523326459724,172.78979293540652
2021-05-16 09:00:00,70.46211248738132,316.76485538044733,285.0305850446825,35.28437370021492,388.5734579637184,202.2018329796661,0.2114480069965446,275.68234444123874,49.83677727394797,69.67803703641206,86.20426509893134,431.0638086327253,327.25560714056763,49.61539711081048,20.584121003676824,700.0,0.226656402226988,481.5575557945869,4.167290060238427,49.58904979360796,363.9696534868826,231.9656884061664,69.4150573509831,475.26552629310174,398.329156183325,200.0,5.022601146397376,0.211994054698658,925.7372588187912,65.66310737078761,256.92723210338386,85.71603274192924,52.14490241668801,49.770031985722824,310.2368925259853,281.6976753563201,341.70595070827835,0.7959263871435024,495.0544230434329,69.20112559466547,257.04772127562984,49.44987869181393,169.98312285817474,657.255461829253,270.13944659371055,479.8955102024251,598.124598588865,488.2805116614521,203.88901720308127,3.4911309401740587
2021-05-16 09:30:00,401.0984903770199,267.88734203737926,48.588246885384265,321.2096391031578,279.2021248679025,704.4158760335197,0.3274973521779146,188.4722147124538,41.89254495045479,417.4651183996496,84.45493985350704,404.75803736243904,136.62976349910466,64.35776951965249,150.0,266.80127336343924,0.3549963058319373,274.76476794750846,8.479201604580322,200.7471579306441,248.23057617764988,454.6101029307801,51.265475314505295,300.325533274178,510.450530534146,3.945953289089932,7.290183536790352,0.6573534821701286,642.1475835994764,24.03989128935069,278.9635959892954,254.08858136972293,6.845871933357806,23.42033709263341,371.1265935995436,312.3070240572658,190.88029613598496,0.1751231401303532,155.9397178818626,45.79289944340279,154.234140744742,15.389990469377368,36.154299676223154,267.9759458179143,39.640142315595874,24.347424199964884,613.2582448582514,287.35052300122254,443.19018098007086,201.7404845134998
2021-05-16 10:00:00,37.27532183988541,45.14488502720416,307.5036133495849,13.255655270810909,212.11100462348813,568.276930813414,0.1197621318192512,275.68234444123874,91.48459010681,492.2010903517761,31.910047324325564,327.62099031951084,475.4317811252052,52.64026609361133,26.974961151698963,303.9525463967223,0.0694238427460933,255.5584457982777,71.63233880626822,1000.0,218.4253513075897,269.3508989763571,30.531067669673128,371.7969580882799,1000.0,47.554603748682666,40.28732826326371,0.4722818041629817,522.989441342143,58.53441154396289,184.64038510777053,447.9732912040716,37.11129384301278,21.955392322980195,84.94050302536765,432.21662343418205,250.74198018469693,0.6727646144124667,169.9859318966241,22.65216260361057,286.52110030950786,14.92494697414739,386.1976891079856,123.12068038246736,282.92528015662333,246.0281378792637,289.0964736211166,467.2719403577578,23.5983508486895,1000.0
2021-05-16 10:30:00,493.4434683002586,417.651247794619,285.0899610667597,292.88779063673167,453.177192547368,795.0865525620754,0.890527280739895,150.68893708207105,36.23938991166331,262.8450911513429,82.89154741506773,275.4286853045696,75.52894589045012,73.15895217553319,5.708685608931486,270.12174676307137,0.7414749451497564,255.5584457982777,7.208433599867337,102.01781731444942,256.12411418146036,248.9062540171451,21.26443763710961,253.13302974760137,269.36002488628594,54.30245839576632,29.52904940479433,0.8801567379214851,901.1270236564131,91.8239086675437,466.462431284836,428.6415682559183,92.07666084633571,95.98628027134552,97.4875999501446,293.4682532794535,685.0822158904615,0.2205042634356471,1000.0,61.39703063252326,162.60559813810565,49.44987869181393,267.31104694494104,356.0872471092404,454.0092727108312,22.032930785190697,2000.0,151.69277181456658,480.7083098210247,409.4346352602358
2021-05-16 11:00:00,386.1223846483287,160.39003248586792,285.0899610667597,470.1151207124788,55.59874115307567,568.1471510007941,0.5935924535540487,373.8046900881256,58.05883502780434,85.83964292415175,120.0,43.493379955705066,216.1674005213009,8.162998203058958,54.394355486266406,406.49286935804673,0.0676125635922149,155.9080665426298,7.12567277652586,277.5424746511431,382.7564494955549,52.73684997831529,3.318935456242622,317.0520156881657,410.3206409887708,22.77497361032096,23.238432305604785,0.2157406791764541,642.1475835994764,150.0,413.7531599366106,357.0482225845039,58.4448909757426,61.63004859257241,445.2047586096642,700.0,975.7691181210683,0.2182075345521722,221.3990682718687,25.28581182501112,270.23161670310725,36.10747263410372,337.9242175822528,2000.0,262.22169098977446,92.63842516677,3000.0,390.94545649844486,339.5812841597814,168.66530442288274
2021-05-16 11:30:00,99.3578407670862,93.25925519992713,259.1648261818684,245.50173566532268,246.3125521454296,866.9633502866861,0.6791023191444896,251.3601950462396,63.22642879195304,136.15366325968446,59.6269878482053,204.22660653534936,471.80796008379946,49.61539711081048,200.0,359.0615381132472,0.8003565078223616,253.07093142012204,1.210847523488745,366.5356480148374,79.45408383467678,328.390052362147,30.39464012407238,35.46610806688671,179.72108106814275,96.40288471655136,28.10044989087136,0.5896907655270768,155.98290354823249,50.59579077349317,348.6046909548184,220.9840174125765,53.83319432557134,55.68784431720959,374.9888992260354,495.3395785328829,783.3632562266263,0.8740717733051852,130.52426311742406,57.76317543444226,135.99930267217803,40.84555814084826,121.29536781987112,655.3953499857906,148.16290094990003,270.63505547083906,419.3486699888464,382.929321942371,315.6879888216883,413.7618469769085
2021-05-16 12:00:00,2.7610585618012,20.38757077738196,438.68653596397775,194.0849631032609,5.676822383709535,596.716154897037,0.7891712386073383,116.10634757340866,1.3094456588333636,239.18565903063137,23.000883728770305,186.344258506157,209.8636584630612,24.710323401014644,3.9343540668509647,477.76184797746737,0.233712081910433,219.75584431645507,95.65013982994802,307.9927251300895,305.1125747388206,285.14260942114464,65.3162790531283,277.8543264289793,197.6618292913633,90.9454610937242,150.0,0.6077521222527226,232.5727398510733,22.08527829630089,357.1633178674988,250.61517956066493,26.885351438219352,120.0,454.1142443501615,378.365083534284,970.9853187426056,0.2496689527402301,171.6933510888221,35.92087469826903,3.18952170329534,67.96972168333453,191.64057707323727,864.9633974528848,71.73472850901003,322.786090713714,802.1913836820702,345.8278259332708,135.2796282439957,0.2989694173976542
2021-05-16 12:30:00,407.7307142274171,295.4464715941209,370.3843088771022,321.64410922117656,234.33032099706315,604.8441743818477,0.4984421989290573,449.7872866372842,66.35373720167107,457.1494032802495,12.05668857772788,129.8768918801631,280.38974525447054,15.954468011318834,12.21099140100268,9.116291338180815,0.5400119146045106,52.83234213087196,73.75083594590069,94.01236730770806,67.67704113884277,190.2100037537812,59.40440392477651,180.9265466025693,477.61139275406015,72.21432354559059,92.9228053631854,0.2953014775718328,107.05743169472514,3.892996332566745,230.8580719065596,357.0482225845039,51.775725385334454,42.89443334301443,379.3576605819604,221.14690272556763,495.7664378571177,0.2632473465180112,270.01353291292696,200.0,489.1773935284283,5.66804321658354,405.0181954145806,276.62114503554903,75.72276096767865,22.7925789743344,636.4781849678708,482.8194876334002,124.39589436958852,153.90957501305957
2021-05-16 13:00:00,353.42867192380857,338.7821809211412,285.0899610667597,229.1264452457583,28.151637840918674,888.9882423925105,0.5772160721824833,191.9456106866057,17.803596686975144,58.87554144507057,7.695320162920916,361.71005684429247,198.7971989813972,87.17835665922017,45.21990282834353,97.88899284177305,0.8800790875614583,700.0,35.32514085020642,177.6922843428697,375.6875430145228,387.8059254626637,59.40440392477651,236.2466775032568,278.92331951291766,53.33866287653626,40.510269452756646,0.1366009036511726,642.1475835994764,3.601881829142639,460.497260548288,139.0931044499439,89.53460891531692,54.09050038380808,298.5776529951509,353.69850001646387,350.5316334963909,0.0006533907612995,467.7422567637479,53.298470947140046,482.8736049098737,3.467270422606638,579.8755797056319,212.9948109086294,216.38574217090945,246.0281378792637,335.0461892597742,196.77766805315773,471.0291097442977,120.58260715388096
2021-05-16 13:30:00,364.5035840204936,8.293914463928076,351.2420419935546,272.8083946579675,59.40895813403596,463.1345795911573,0.5371065418185478,271.7764305569943,96.10703174694552,288.2582377571268,69.62887758781397,247.9378675393854,137.107601174335,21.92139873580443,93.38750175279048,3.78143748907106,0.6508773690471942,108.0190912547998,29.65355812876552,600.0,328.4775781335697,482.2383269504058,76.60647765353026,22.824372751191863,483.06059750064446,52.4886321248651,90.61110021324971,0.6516397604772766,502.9060828693765,17.522177210582733,278.9635959892954,300.1630245841562,66.64630475268358,69.64298070361072,1000.0,194.61523584589423,818.463877488268,0.8706690341255177,270.01353291292696,47.73503981224013,197.57764873615253,39.1910562943909,49.24172868928133,967.1319527268948,297.83991208076475,246.0281378792637,725.457807408743,287.35052300122254,149.13622711706137,116.78368053430547
2021-05-16 14:00:00,385.6351733429729,256.0465291496405,179.7455756098776,470.7324043882626,58.76312338855245,220.61370560557663,0.5772160721824833,453.2360554822735,14.866272775311296,137.027610343603,33.98749637680661,40.52310795382397,491.9888239799141,97.58652558191314,31.61561049767505,323.7373570773015,0.5329577865513353,309.7939774489148,34.97032297458495,277.1132570660083,478.30731054172895,101.88322956384457,78.84473432532987,277.8543264289793,497.0049767276015,13.065234382346292,32.1495701247882,2.0,220.847365812048,86.67703545060003,278.9635959892954,175.74957851921224,78.73870267523328,49.770031985722824,444.563961970005,283.6381689114141,393.6285262370321,0.7925948132091347,186.25446577673293,35.08191093350156,364.185427169823,69.71636921379805,536.4229060960544,197.2401034387664,262.22169098977446,148.30624107854658,610.6518497404661,335.8544296220304,387.7526483594997,34.09330988273135
2021-05-16 14:30:00,262.17765730597995,113.24788759896896,146.7959221322467,193.05131890038712,324.60515105803177,125.90440868200508,0.74543947418433,1000.0,41.46241237270237,277.0890012578967,57.63193810698315,110.09160097490567,204.66700315752152,33.68957917711069,50.723480868839246,449.0152744749935,0.3243337531153756,325.1005461990767,150.0,2.6148067714563683,34.47900817821059,261.66481559737065,66.49849034759953,138.4071538956529,517.3861558435447,79.0509794274885,47.64369863437916,0.31562734376335,962.1407089510934,28.247874397702667,430.8454518936727,186.72776564040507,45.43454230676552,49.770031985722824,289.40337725597027,298.4259384438797,369.44503633481344,0.627328935090678,270.01353291292696,36.25597965590946,172.90304920521248,19.34353429564825,339.66037844937347,530.6419630964702,469.7842945125829,38.59376511323398,816.6192485107484,364.6549002386031,196.5608991035396,93.56213520525088
2021-05-16 15:00:00,179.2328642721363,322.5863952047249,404.6805777392568,480.5952819119571,373.02243963271167,779.6235301062571,0.4316595462296794,58.44902035418203,8.534966807864386,239.18565903063137,6.535634079894237,341.629381829798,447.0496018395672,18.211791568869927,4.15728590503921,121.74114828814965,0.3330019130581979,76.01242656432406,66.13706110704143,380.4953800140469,28.52736057562716,143.56897904228776,26.0286857566003,485.7663454505253,551.6484367879002,12.48208139668483,120.0,0.6448326040223138,576.6937515510579,95.04591705752958,137.0357946710955,400.9185168152431,63.0247219456158,50.0112752076627,316.1956621641937,464.09104905697575,309.2553929870481,0.7502657639388423,30.90423034461132,80.57145256682179,335.546578542988,64.15044812562518,347.07334871826174,627.0073559139717,377.566808722598,84.94353660952864,761.522667570841,287.5302867294073,69.62703539235198,277.77478494281
2021-05-16 15:30:00,57.93452976256486,87.18321450249572,405.0566973395904,245.50173566532268,291.68438254857983,658.2785962181182,0.1275803027955637,469.9160618067376,51.91085982277655,414.8709018536008,31.529033783061035,296.69599942159095,114.97730294554307,78.96985071424791,14.834320096208886,463.5172723981533,0.6694869551981901,30.67481355533408,52.747671394718836,17.655677470119535,141.09353734660007,396.4272095169197,90.719503070583,165.6735035515254,269.9714278977118,79.42106625494054,64.0476042175844,0.3951309076115032,317.7039647016003,58.16222929891936,403.5354519333515,581.7516523859375,24.838360874320752,49.770031985722824,78.2383580018003,464.56976000773136,216.7110804018118,0.1520485674244918,46.18026405568926,32.8179482797612,402.7150215229896,25.982813794029948,1000.0,587.2369788166944,293.3119591418313,63.472206877486336,649.0971298326111,103.40894656669812,303.35073521019564,250.49876273586486
2021-05-16 16:00:00,431.5517129377968,345.46886905123296,433.53615929005184,97.89556739464822,481.08627423727097,733.6717912893013,0.2837759057987244,313.8540265357089,50.21950103312426,103.2106358803016,53.949129237533725,425.60345702438434,280.38974525447054,65.87077755008761,98.66301229588468,30.133695144780425,0.9941393612211676,390.3807930342199,17.410933533408436,372.8668913656161,130.85284186795298,288.7966829405788,67.0732311905834,241.02052905604123,204.94275462626047,27.576756825135696,97.89811151748088,0.7132068832826177,550.5432140392368,43.66141897687661,97.62030147824602,370.1095763244376,51.775725385334454,87.05269662693841,284.0775757539675,170.95263905274516,330.8167549150894,0.4583235945875754,81.39549460311468,20.9059373706846,473.3781223461204,88.60861088135164,339.66037844937347,177.42894132964886,414.2193354694954,61.64188964947343,539.3599077797326,252.22797083467768,272.1286685076254,250.49876273586486
2021-05-16 16:30:00,262.17765730597995,257.8951800073126,456.6202762782356,34.68065043758273,187.43528976185203,291.66774535801966,0.3630822963986351,167.45280732854306,59.53850173200438,5.497914329240238,79.07231648389636,247.5732635069872,15.56704144225568,49.8195716453139,96.51186964360456,1000.0,0.6618391898493786,229.90021188466008,9.839564971339732,101.24028008261872,123.48939953599992,317.29120877515186,56.04406309804399,98.04885636919649,386.525726668907,87.7090581018189,60.34930960433786,0.1992152748940531,711.658299461597,58.00888346694546,172.67097612244393,357.0482225845039,42.76013337033373,63.14189212183764,358.1985559790495,263.8387331108475,419.7877736264989,0.3512193873487809,297.6064170634374,53.298470947140046,200.106137924836,89.56899442666165,72.1285740069732,151.32422260325745,40.09337840605664,259.280844332867,219.86391310077107,156.0948682845647,487.8894092744664,188.43344017359425
2021-05-16 17:00:00,165.4490124263246,468.36499436836726,255.6711994304689,50.38900068871333,142.85604314093035,222.7343280280928,10.0,69.63603633169363,6.7076477388427485,68.44281503440364,31.875250293206992,240.293288663324,325.83341268794254,55.53635509376312,0.4939980934409615,175.8113436198172,0.5577834173700249,29.08189775273789,66.03027197013381,285.48911630019535,453.1272902605184,398.957079807947,11.098946921348109,305.3900355378841,235.280005593824,94.4042093825398,35.78140841135489,0.5896907655270768,168.61529617620803,51.669838522626776,167.80522713492135,63.83849603535885,44.25455148147456,53.25040664159818,135.4713491581827,105.8179492849306,685.0822158904615,0.0937765262570164,75.23613550299874,46.66931208844084,391.6489914780239,29.72872042813265,368.52896328227,621.2316323101489,238.4194388665622,122.92372124670014,335.1997160968453,213.7332640833445,184.56809690460224,437.9524624999473
2021-05-16 17:30:00,31.779175143011816,68.76047207299662,250.7581473435998,9.110912825774864,434.29956409473016,113.09019910109372,0.5707783046689119,397.012594635148,74.99604703991778,450.0093209240525,57.63193810698315,296.2038923297588,184.2631718618805,150.0,95.18117854232388,50.71041422460826,0.7306505102392461,497.4331585848836,76.43726622217359,183.97037565104225,256.12411418146036,600.0,44.70555438064254,140.34160775798716,368.6230167441351,150.0,64.78174459905284,0.2874095964655797,347.2334335431028,75.87762537573252,489.2627341945703,571.8254680904282,64.93223245768817,11.539464217891735,101.12709026226746,497.8155547494417,156.30835799750642,0.4861304852149241,484.0381907253668,53.298470947140046,132.96422531605938,22.99937539632405,217.75597143262385,627.0289154853513,315.0465634308317,179.06985826457222,477.1895256253768,322.609287922332,303.35073521019564,452.6494995052577
2021-05-16 18:00:00,600.0,170.53317552512925,399.1475894833876,47.2214803779642,111.79791925972631,667.2424991566605,0.3560967258978462,310.0363779642568,51.91085982277655,436.9450387812576,88.5977748236187,1000.0,432.17912491981855,22.84547413312988,63.91199378155004,242.9358795931628,0.4652056122837181,28.89028049818332,26.5046428325004,163.46580816903955,135.97486306431549,457.5450342035216,46.03582712019263,103.4962892192134,1000.0,46.26756050653936,12.292067846538757,0.3677859877561529,642.1475835994764,28.249606597285226,428.2686118739634,192.42865837825352,93.62806214689266,60.56378893234115,284.0775757539675,490.5589539339679,289.45624569880863,0.9207396503426354,223.35726362926016,84.09087104029072,270.23161670310725,49.44987869181393,552.0154786150548,589.9103988708889,414.3264530591446,246.0281378792637,639.3693583057498,372.6073713454173,172.04580892472106,246.47848582793003
2021-05-16 18:30:00,162.5916610133735,56.73676062029453,324.9819653888826,245.50173566532268,273.1618122240889,630.9259181691698,0.9865152487929796,266.7305459881608,51.91085982277655,239.18565903063137,61.58631881823046,173.90460395109653,236.60495334577857,99.6333916056742,150.0,128.38828386025398,0.0601423426007852,347.5176144292766,52.747671394718836,74.44402516622233,379.6991312089818,285.14260942114464,86.45636095226699,258.2863142229895,419.2749107254394,98.09873781626852,88.86590802653987,0.0580919520803497,513.6983833623951,35.30503916003024,350.5849307951299,73.39885192783575,6.400634660862092,11.720390568023342,120.75031399641672,324.7544648537237,828.1212762625088,0.0400591190506944,250.7589801750832,22.1238696446064,12.884799382175572,24.05315851801487,255.82251166849392,310.3667128330698,391.7347800246338,342.1571244626724,562.3370696937743,116.11234545067155,260.27191865242924,165.0779751578022
2021-05-16 19:00:00,364.803089169032,462.3468091392814,350.9834386288517,35.594324230114495,6.077237344908171,453.0196405897591,2.0,446.9462915254789,20.51396404820072,239.18565903063137,57.63193810698315,296.69599942159095,484.09671395736086,97.4793162146783,45.47398556338591,142.4364509809614,0.5622968158779098,491.8394626317068,52.747671394718836,152.80210774510743,224.86992122527,78.977411417674,59.40440392477651,2.7528995802104106,237.2406744716704,48.34074359731466,50.30839507798363,0.1115122123212764,591.9194278290654,89.40943025332507,363.52838080769504,367.4458605472213,82.47432373470076,33.720657556575205,107.45631851819792,402.2070298387367,232.2297312253937,0.2914609134937939,270.01353291292696,120.0,301.76440325056046,67.23838432917036,103.10324604753184,673.9967276610324,138.53462485669982,474.4903335235007,359.36607336357656,202.66268032347668,303.35073521019564,53.400352001181815
2021-05-16 19:30:00,262.17765730597995,438.6696766904905,397.8963347180505,159.48781514688065,484.93941335381953,493.72742982135617,0.2372267917359944,275.68234444123874,19.06877206636665,332.5183372731277,2.440078155653802,282.8659819978955,92.76275785156058,65.03256863469369,51.55960285792502,153.6449824631433,0.9576252845053802,119.5900521079628,96.78600348450304,438.32538091410026,388.3552784775906,347.94955908440124,38.04005489704097,277.8543264289793,116.77891698527664,86.35475225145451,44.93497420396421,0.5158619027123281,489.5344019885224,94.64565131504057,281.0363972012855,381.7162914083543,51.775725385334454,14.284196481433186,212.42542143404347,357.55008064185,4000.0,0.2075409362057034,235.4801262173668,80.8405738893691,329.7529908256636,82.60646845482856,434.53692343118087,838.0607518500844,470.44008477960216,71.2782775165578,105.8179220107395,134.58078549581458,439.9573133635072,250.49876273586486
2021-05-16 20:00:00,443.6063712881633,128.9708138575778,285.0899610667597,422.43765548472726,21.57995597528806,913.7428250443736,0.1017824726204037,75.83743986637559,3.654966784809488,87.6856393117248,87.00988739009298,133.51413508471066,434.3115839778054,120.0,48.88465802569202,401.5129489163317,0.1753029423576596,71.12468434359809,29.544477747742025,498.1671688136237,32.683078782192624,396.6306752191272,97.68003285106592,109.53440455092888,269.7070163080804,58.87315221313199,58.58647884535192,0.5896907655270768,139.50994837870462,89.25582274864745,1000.0,396.1327956688392,44.391945450637785,69.20736470243689,453.9192569417671,283.6381689114141,878.193029672326,0.8265680918507059,330.9568163185058,82.36236107489735,270.23161670310725,67.3092130911217,190.1449844357857,137.4210638619344,62.172920715435176,191.06973741628465,546.6152997107325,99.31580693093456,303.35073521019564,30.113472450148727
2021-05-16 20:30:00,236.10746258097464,329.99202301708954,168.9975784257679,11.635967867912932,273.1618122240889,413.4299203209703,0.152859139184332,155.86103389777412,47.20669451099992,600.0,2.126941085038714,439.31499317757897,280.38974525447054,49.61539711081048,66.68642575461044,269.58063833762725,0.6900048908206657,700.0,76.92231478381336,184.15476525342416,243.7855968366921,158.38083853376332,200.0,277.8543264289793,102.70460356750706,37.53299079196019,62.47838627894025,10.0,249.17480183814035,41.94479939573136,248.1293764411808,357.0482225845039,2.191332877500896,20.62521138361526,253.52982336935915,283.6381689114141,239.4327800290984,0.8265680918507059,375.5885684770214,38.46110759787682,60.1937893945445,82.43504472493495,339.66037844937347,548.3169491932381,437.5668093105761,277.3659016411771,636.4781849678708,391.6936099979192,253.8789190942844,148.82513878414022
2021-05-16 21:00:00,59.79712296915085,408.6111001006079,600.0,407.2342412944679,263.85055454314994,562.5905402438298,0.2459577283845081,275.68234444123874,56.48411332626164,209.38526244603656,87.47016726841994,398.713010803464,385.460922322026,7.219840897917584,13.96512547563129,155.65384957800185,0.2009336886590564,151.63757378379776,62.46635688542638,224.30531547727128,16.806800091641318,428.5896284993765,42.25484283119446,54.01287706534569,386.525726668907,28.57835555258702,7.177580622651303,0.0146933886549538,500.9874748677018,78.03655030068816,190.2588549349473,1000.0,30.1046077834313,39.1859373188026,93.96019040766151,283.6381689114141,174.46315205637092,0.4680690542342901,376.9340413549565,45.91240232866809,469.2648917365652,39.69921622074742,424.7430155929986,2000.0,700.0,38.379030944369006,761.1474706394815,1000.0,69.1857973602783,149.03310058500207
2021-05-16 21:30:00,262.17765730597995,277.6004057997312,46.9909699204345,140.92738738669996,496.48239805965017,805.2877114670288,0.1606813732595556,371.9731462863385,6.570863942835237,191.5692641247488,52.8937134027212,329.22591732921273,280.38974525447054,3.0652502205806065,2.997358987267796,270.12174676307137,0.5358276844730813,50.522905505323344,38.19396396528959,361.0354691013685,31.32660172767726,453.0716273828832,4.202467517140529,1000.0,220.6089272279573,20.322309108608728,68.26172212234025,0.5896907655270768,288.266918867135,47.63357333010988,81.5176684657955,579.7089142835937,50.26312426301305,89.56747776187787,38.48583469043704,337.3931510837053,536.0841955720098,0.4662994129398188,288.94555634704415,30.328589084928293,90.5916395250414,15.631697070886084,542.1531844972009,621.2316323101489,88.57676161131278,2.0937218139789326,121.55163874343516,185.1160928422884,491.36977045519296,160.20064307010745
2021-05-16 22:00:00,380.3925243084488,264.82528917800323,289.14007049808697,59.08241381082813,36.89828236769943,456.8885040891432,0.1865670240513057,275.68234444123874,51.91085982277655,259.4588526414188,93.90676985128962,425.290864547121,380.51199547149946,25.76828885112137,54.394355486266406,358.0753371115968,0.0966764496467196,346.080670847066,52.747671394718836,443.0978902325373,453.2187266722055,138.45224368890447,73.99041207669303,401.29283978990645,109.5866533895278,76.17981913776973,24.19316803155296,0.5896907655270768,144.98112579371087,58.53441154396289,393.10282613052897,165.51796650083944,5.617607734743901,20.431638339897027,348.0780725689626,338.7658069418424,372.1775601506828,0.7605756424552823,452.1798874969286,93.2554878419312,311.37670161992054,73.79509473975922,479.4708929849721,376.99381476383417,361.0330321018926,335.21716689845874,626.3450301752118,375.6394621868834,600.0,82.14342163620464
2021-05-16 22:30:00,280.6385987847481,120.92614545022585,17.971136898371043,348.3685826820753,276.9271422006604,659.8780302050861,0.5772160721824833,284.94484243565824,45.32888347480276,23.48298338752752,79.87832357736654,433.6471004799012,313.1101608157077,46.26229567393163,70.46807627366466,136.31200036676688,0.4503709362581851,31.145899065031347,12.138641815940645,296.52216709339206,69.62268555879758,491.7607363576111,91.80765521991506,286.02432168465043,34.75970074533551,52.4886321248651,71.39526325065899,0.019327630917601,859.2846976466413,20.468010905728395,367.2219660377957,412.0952470704776,49.10957293831652,50.78050639587792,191.39938221819392,186.5613092111918,607.0675280354687,0.1544922040049258,408.7039236530547,11.864376574158031,111.33803956154247,36.047450514155386,412.28941936618,652.2741126904455,20.14275938899923,320.9097584007177,947.3268137554588,448.49764468220553,36.68203372980133,391.58071546184857
2021-05-16 23:00:00,385.4835899772805,257.8951800073126,232.79900906623007,314.471423389942,273.1618122240889,876.1273378720707,0.1733735952947548,381.2293428703453,150.0,83.1416843780397,99.79341105333374,700.0,65.62243884119378,86.82725054083805,20.18534521229484,206.7745507626757,0.7561633288952461,255.5584457982777,61.50129680388666,195.76284908891463,266.21034113760857,70.35576402437921,28.003732955048942,256.33386297820823,394.5769840461609,51.12754622007512,82.25347943841967,0.1243683990005102,983.0732762477044,59.113030325851646,192.17751926206745,429.8453245296516,92.71106288584274,41.9271661166022,284.0775757539675,470.8459933290153,823.4244014351276,0.4872653541000508,378.5240573493127,93.374942300147,153.60820851063545,67.12708252291326,414.1872457891833,908.1417640993632,202.71141256957748,205.3944049998059,256.9683404003496,423.0621052651158,331.5731244876044,61.24893098299461
2021-05-16 23:30:00,246.89779818219537,448.60787897666336,271.3223173537883,245.50173566532268,261.5489220850744,954.568561291878,0.8967654246264252,438.3828183808747,44.07627469382282,239.18565903063137,35.071181545171015,418.506664181836,16.263089745625958,72.7169069766308,54.394355486266406,60.94304666847378,0.3475715242389821,255.5584457982777,77.4633780637788,206.31092042431183,256.12411418146036,101.007834201245,85.83416767991208,146.74441160406082,389.4033441237511,49.23254800011819,80.39585075525203,0.4136426749186352,813.8285865970655,58.53441154396289,12.59670697961468,373.8043019061017,10.53932181078052,1.8124041045729733,329.7553843203851,83.6785161183905,223.43363933746883,0.4299852141210597,27.80276084023032,68.38664518353433,273.2292708640622,27.064394198176565,568.6362935386102,828.9319782726094,262.22169098977446,244.8220380160163,636.4781849678708,91.40669426961296,297.68318507843634,250.49876273586486
