timestamp,TY-2U6UZ.PV,CAT-3I91S.PV,PI-2E40T.MV,AI-3R187.PV,RX-2Q9F8.PV,CAT-3S8IR.CPV,PDI-2E5Q7.PV,FI-1G9QP.CPV,RX-1S1WP.MV,TI-1M2MM.CPV,CAT-3B4CB.CPV,AI-3O9E7.PV,SN-2U9VF.PV,PDI-2W9XR.PV,CAT-2G8O6.CPV,RX-3K5HZ.PV,SN-3R2VB.PV,AI-3U2C0.PV,PI-2P8HO.PV,SN-2T2NV.CPV,FI-1Q1UZ.MV,PDI-1B458.PV,PI-2C4NF.MV,SN-1Y594.PV,CAT-2C91E.CPV,TY-2C14F.PV,TY-1I95P.PV,PIC-1C834.PV,AI-2M5C6.MV,TY-1V641.PV,PI-1T2YI.PV,FIC-2O6FM.MV,PI-2A7J2.CPV,TY-3A6RE.CPV,TY-2H8V3.PV,PI-3N6KH.CPV,SN-1A5IF.PV,FI-1O7J7.MV,TY-2R1YE.MV,TY-3W4ZO.MV,SN-2O9QI.PV,TI-3H5YH.PV,AI-2T2CH.CPV,RX-2S7N9.PV,TIC-1S9IH.PV,PDI-1B9CL.PV,PDI-3V2VG.MV,FI-1D7MO.MV,PDI-3K2KF.PV,CAT-2T9A3.CPV
2021-05-15 00:00:00,187.27005942368123,261.36641469099703,90.04180571633304,143.2706260641422,367.5355219019429,314.6993190676313,14.707348092903793,172.21037109547797,0.34208174871590746,252.44257530768908,41.39933396256323,383.59414446556343,348.7357308346418,92.08478478156869,371.3532605999905,484.95602305363525,90.57467476734016,332.45586224360903,81.39702695060188,321.9521267705653,726.0563318471262,34.73433262588427,18.422483923802613,146.10911523094887,465.8768597164082,170.30208329064584,288.63951461656563,55.25009674078891,0.49286458444744663,426.8924608523335,33.15646990671938,855.0975949462096,31.290739421364822,382.2203640377522,396.3790567864064,79.62414505413685,250.17972310778032,622.6291760988565,0.5969106905466561,0.006877962219649314,265.7860763433656,261.97218276745434,40.61481740333633,147.91204874826803,358.21552707775845,58.064522590963406,41.54430005920896,182.27979263542437,95.62918815133614,207.57282699637287
2021-05-15 00:30:00,475.3571532049581,213.77050917927482,63.31014572732679,295.4166302845054,401.74046519242427,347.8743444923086,92.65876251614944,572.0602506132292,0.8212573046720129,344.5913921587664,301.5760547331941,200.96545680462108,340.0703858801502,61.665031452073805,212.74666722403768,46.95035789470919,340.5589269824914,397.7249803948646,61.52194382310109,265.15106662457913,102.89643724385081,89.98333456872724,89.39897100078704,455.3850808219576,198.50752061859583,35.855944423825505,432.78857281227613,52.016989231075115,0.4042897472548691,120.98856515852269,85.50302016199352,110.27618510866627,27.109625376406576,204.83552668799632,34.52295315729986,27.194603941844875,345.4419882754114,554.9578843508775,0.9995577032504386,0.21244727719547296,16.32953039224794,112.93084856637364,496.2908977438817,0.5560470980937038,443.52859629920454,93.59372482485595,2.4005044844888856,663.1137210352174,37.66764404294625,211.09611694033902
2021-05-15 01:00:00,365.99697090570254,12.709563372047594,33.90297910487007,15.250124969524714,141.01728628565326,227.2705323838866,49.21162930795382,469.3571442906954,0.11063173695520723,110.03934263981326,122.67455484066048,239.9378101519544,309.3056891075922,79.65372909761763,172.96749627348146,336.30105911256317,90.71917384781347,463.5889097397263,30.625362078661166,20.975611715818133,657.6304037138566,2.18233967754895,65.42925523249619,376.98095179839197,43.54638339788575,204.814447447616,490.3696717917147,14.287596133941172,0.5309376784120938,480.3134877565999,20.707580921085523,733.3298016661458,59.76682827027031,327.586857262169,237.1275104884768,69.2358922461058,348.5679029459046,229.6709074118796,0.7694488940820471,0.6635235939134523,237.79809591100414,119.143113404092,78.10075396529965,135.97727969909934,231.59703272052323,67.22506872941946,33.537160621746246,595.478512536603,33.92406611738363,392.5319605232156
2021-05-15 01:30:00,299.3292420985183,53.945713496652225,34.92095746126609,18.674094374607208,88.7197718898614,313.77904004203174,25.824438829895836,984.1407552177458,0.8464522917345182,125.51831568725726,194.64780702098827,313.75273160918505,376.3583197788206,48.152235151255006,185.51938149230136,221.87510965228557,262.5816918335301,117.32104092772677,62.389583629163845,484.2443887971919,419.94370939722165,66.37896861755891,15.210428322227287,402.4533884207193,308.5332580589006,155.6087475316968,203.79210428690848,77.53461504031355,0.5951316749056815,98.46285222671419,7.115828517343282,973.2313987534513,86.60956336116915,130.11829899261468,280.339147469475,26.406198469371876,324.3194783844078,661.5986369760842,0.3978657030174272,0.4111974888825458,203.87405250136615,262.52397713442383,494.2104969817405,108.945689813372,391.76000629727946,48.1277951219237,17.708225539728982,466.62897179154913,6.2431327277780335,97.85632004982453
2021-05-15 02:00:00,78.00932022121826,15.714592843367125,72.59556788702393,411.30028032982915,375.3073758204292,292.15715596155013,45.913575623826134,200.8350119512471,0.12748866233198242,519.8356601878401,144.34686838534992,436.83855709316936,79.30255264653685,11.730818896239448,493.82478186802894,434.07112718875266,354.5231308612163,199.65795790465407,52.70414639116516,399.3570958272873,814.7775981493759,96.33944342135504,44.032341836834895,9.003277800227249,56.919196738300705,338.5603198675047,413.75946105315154,27.140938044671437,0.00992382112783563,475.71490518091616,6.90075926128163,493.8951953333831,94.67337289233956,79.74613127067914,314.21322830729355,93.90684794502916,137.64410672593007,346.27637607469444,0.827553052274047,0.40240625929931173,80.60940598756127,459.2241273997904,488.63996628322366,330.9172925569991,290.38532285398304,80.96750362658894,9.842418910136875,569.2393193263671,48.6173654104883,410.1266594724449
2021-05-15 02:30:00,77.99726016810132,318.2052056318902,89.71102599525771,180.09532070563145,403.417369633632,450.5790052454945,98.0032575285477,458.07003914116746,0.39728729056036727,568.746968037507,177.83635823247457,492.04173459964755,440.4353795994642,12.518579220255043,20.05459570624124,88.57489472369295,53.438461547371915,76.20800666520871,42.60833838903715,146.41101835048238,183.69157584081893,56.016818346184195,61.529802506980204,481.405178537013,172.61157140084603,302.8896247263452,382.26389732735885,49.669542281794655,0.4640951594535039,497.4096469829755,94.07845205031079,311.4760644963575,10.590580440375764,80.23130713561322,344.31581465393776,63.63742815333744,78.10328434331099,539.0508866896112,0.17070836331248018,0.8845868882296137,328.20480175032844,540.8194951717173,396.90905195401984,316.85579988276453,130.16295914538534,95.05328209544089,95.67204338893498,906.9171926221092,10.90136156409287,324.3735569475091
2021-05-15 03:00:00,29.04180608409973,157.17799053816333,88.70864242651173,63.53025632594239,495.2525710003367,22.723190170728934,49.26180939928696,972.523389947832,0.7972953657795536,236.5194034422567,359.52295259212275,384.1367069322591,435.921763872616,68.55652872289714,433.51574806122426,346.31297611308224,283.6561098144518,496.2417510791876,13.071037674019948,489.98516467942534,629.3820402535515,93.68224620330918,8.34640849893833,363.3354960351616,253.70596935890444,182.29686409877,286.76447572778665,28.42740929275167,0.9634992408875883,355.86140287302436,50.69204379618346,734.3839090390435,15.482861259771985,35.24597282157232,126.63619176135754,32.451180017534206,317.9701634133554,174.04509184935569,0.030463686308960125,0.8955628481318387,485.5754536841429,68.79404411044204,329.71148104099876,296.73069135236193,427.0081988488092,2.2066148682290843,59.935972504216565,276.66487207996033,24.853982092742598,209.48488688976218
2021-05-15 03:30:00,433.0880728874676,254.2853455823514,77.98755458576238,261.1216300274022,206.30883845571324,140.48159479611516,32.875161028750824,878.9564133045823,0.14991742734877378,177.0319104232612,148.5608578115875,208.88339108366688,14.623641517279573,43.030589489946266,289.3377042861967,419.0576448240551,128.28139185068187,463.50048396214765,88.66042152404667,300.94079481816107,532.8756008975114,5.225787928602377,88.24163684073388,152.37554769306666,437.1112623425879,108.94627712749505,478.0235718059665,13.382836299969314,0.5190322801295487,490.57186589591095,40.941207181701834,835.4153278140267,94.47362587830797,92.82335245062151,4.989388329224687,26.951186229227265,299.6510580697189,513.6256514922608,0.20444837246427305,0.9091752640535857,281.09440553226256,248.0002663844526,288.90352512554233,8.12172160472685,342.74948966231676,98.25212722560387,72.86562842366027,120.30806053481251,31.694262176728138,229.0143082919343
2021-05-15 04:00:00,300.5575058716044,453.78323696304653,64.20316461542878,384.9967765493054,186.00904289639158,475.20574203827937,63.34008543167258,835.3648638543519,0.22925139523264149,393.51973507862914,283.2023201484486,210.6785011385351,412.9083752823813,20.052472670033673,219.30770959479523,472.3071097370116,481.4634376187899,269.9785651402798,44.97846488213225,291.21132910362326,678.0929733147046,41.87933190741614,80.36035354415351,414.69733242942345,246.77329017005934,494.0179830777959,100.23725776420139,62.95576968917366,0.6775422674589532,284.76988978355183,81.08785810079185,591.7872844700626,73.65352283347926,332.10969249448414,361.721831177456,19.09265850716435,89.67800514462049,375.8171212385383,0.34041155611425966,0.3138780765150273,357.3766382219729,78.14242695926845,433.05077268891733,364.38902722532373,228.000517533083,8.613213906368033,31.53637432661175,875.4983962291909,80.8826323491684,128.3236035930479
2021-05-15 04:30:00,354.03628889802275,124.64611457443748,8.413996499504883,107.9105137484216,388.2064803709984,445.13189194545816,24.014561877819308,332.1125443404459,0.7222525683930663,257.0658192368959,238.02520109954983,368.79115079444574,64.4349337367226,49.15945467414369,362.6288302075682,341.6240141448229,241.77282335996236,421.01664718821064,19.462251182076507,374.0365897147661,158.3682350346715,26.015779096205115,50.52067735766382,140.76059920746496,351.1293830158321,227.00081059805743,54.63210515481071,5.4332034822903825,0.3118638579168832,129.77089158804517,83.5825927910516,970.3317477305316,88.29938248297731,440.845305921754,267.8282996737893,69.46409588937279,352.56957278528165,840.1430900668189,0.5105807574595599,0.6910558127392618,34.22522628300839,29.623638766906772,144.71976080974397,161.76520624274576,548.5767302456059,81.43867792687614,39.31471294940152,619.4053741491158,87.54886503958966,376.0571663484874
2021-05-15 05:00:00,10.292247147901223,205.19146151781487,16.162871409461378,311.4452379095001,170.40177012650892,227.82837639285646,7.586332810866391,253.79882865105924,0.7200365365460744,34.72408628300002,331.83558268132407,119.38857288415117,167.55942712957093,6.420893707513409,243.33447071235142,248.58738200421365,402.99627488757903,260.4789886360211,36.77593508772896,405.8848940450688,621.9854086853181,73.08209649807299,96.71266152591704,436.37691978306395,496.40841949953517,344.13711789011853,426.98098347771105,74.86452341262,0.7739913781527625,218.49794283281042,33.21910331156046,146.50184949216498,20.263263413534315,407.06284279558093,418.05885160362436,21.87156129979273,227.5859958668282,151.28085429763144,0.6151291405411998,0.27163318127436964,208.83349790849738,403.79683593349483,233.84060624243853,332.52799450331554,32.1417883395053,28.033475255141248,23.692399389672346,901.5926099156582,30.246631746146967,256.4373711526339
2021-05-15 05:30:00,484.95492608099715,377.7755692715243,89.85541885270793,42.673732496884,465.37866280178235,310.06629890076834,12.887972191064922,701.7788979319879,0.6411476328852973,110.56850647239041,468.414869662379,55.23705656569733,371.75412814580386,58.19714019143988,436.71161904083027,308.9236201006069,275.1132710781309,311.7928440013799,41.4129752528927,328.2393036657513,605.3361291635713,98.12970904972467,41.77609792750997,56.29019520596851,65.74455994899081,70.27648378918039,219.57490831687414,31.758679526111667,0.7729214818761151,296.780467689393,69.36180574737952,554.3160384740753,58.758587110940184,342.56715493724204,410.6941814503471,59.53032659274891,333.88029580157644,476.74654742649693,0.9106057172144217,0.19060983307444979,58.17924258224794,369.4206763406209,309.69498468325094,278.28921425107666,203.1484277247077,13.217965775387174,9.696567096542474,637.2507010718554,85.86981212445738,160.4272713749218
2021-05-15 06:00:00,416.22132040021086,114.39908274581123,60.642905965958995,25.840860584303847,429.2063759215059,138.69059149056633,12.804583895777244,936.4383902148272,0.6939484444671,435.26389273149056,366.28604860512513,177.31107882038827,80.3799480241541,26.899340443509768,450.35093200562926,434.4524922393591,21.70626642740958,44.56221605800831,82.75378955668742,64.04787318310001,604.5940849745539,25.65300624442478,98.41103190364979,351.84298873039785,137.36576275975975,242.7948498296989,423.4844271035302,0.013469300448532007,0.521296047654139,36.5407810135075,77.11228158518865,746.6085525902951,70.11395944174737,55.215931705551334,421.6630838939416,26.463502692535734,418.68353988507533,512.5882817182942,0.5098540095504577,0.18463245734736922,306.3979177682552,114.551086012634,205.59523793474554,171.36546271395358,52.991210711035,43.98556397138349,17.90316374415838,829.1449809637322,85.72309373697911,298.0250578804751
2021-05-15 06:30:00,106.16955533913807,38.4899549143965,0.9197051616629648,265.677315784074,214.49701368750917,94.06057986188065,15.190269351229436,601.0866037125368,0.5427244433475962,402.17588630788777,107.47018929537838,143.61949582704088,408.9835120595311,79.75591006371882,210.8604634367277,285.30487331941487,316.5756877970112,377.63521024840395,73.3614380561402,169.1337529972492,643.1388999368094,65.41746014740745,66.79199988036271,270.34923832245516,197.2880377988232,13.768359934732743,446.54510259770746,51.11291392372298,0.9760138232792136,311.17163230862303,65.46506868659546,876.376424034261,68.01118854469726,144.5937231479749,242.54732998977008,66.19689447938686,84.86421428846158,752.5054686692068,0.5012756446257294,0.34210762086359403,469.24107910707727,155.61144319397718,213.74322704513398,67.28813355205388,464.5858434085438,64.39565794476135,79.75140452964858,486.70602701963315,76.46509503848735,497.8672260256615
2021-05-15 07:00:00,90.91248360355031,144.87572645688402,10.147154286603211,270.31756080505323,375.4355338957487,231.84920246999107,13.882717264941014,614.4514205229099,0.25179905890695276,35.71567565202042,15.591567530642337,148.15406022799505,416.06708897887097,31.036195892357377,138.41389861752577,15.19352984841843,475.7016711033285,63.85674181761741,76.93048936413398,464.04182016302485,708.821143503726,19.809763275974014,63.467127325394145,48.26723509772041,210.91408926941568,252.72755895522496,31.22879680953572,4.6851908527603126,0.12555021476265338,490.58891838114727,15.159507480009937,261.33005071701103,40.81516908666981,154.90343766123448,166.81419791843282,81.49397285405392,9.57243399841834,616.8588175811899,0.05024300982298213,0.4299576197798217,330.88886623581925,33.75049711382066,165.1423337510422,47.209448830240476,427.2223233859997,38.0951845023475,67.75458051837758,774.8739381594419,14.669511401518154,217.63113982827693
2021-05-15 07:30:00,91.7022549267169,80.6106436270022,66.35017691080559,318.71495074910325,377.2714370423412,176.67611401302642,64.08747448032146,351.98118429425574,0.34569599350391944,148.74385392111068,131.13202214991253,116.80387552495498,253.7338668804181,45.52201490818012,296.1751642966811,465.47434775348887,300.8059100731656,413.0338151262642,1.1031264428647214,112.30780592192596,824.4900997126928,56.53302545716099,16.5954895295785,120.9469141294195,205.5105376327729,482.00870355885115,441.73238149303035,27.616955782089946,0.016947664889580993,95.05382489186381,87.5883083517057,820.0031335873133,1.5394891691308477,124.97847319881062,395.779101295685,77.80252431446532,389.5512931978934,700.4911034747629,0.03491155265622381,0.8309491710550684,38.401524157210766,504.26937930275415,282.115908342268,415.7591665561118,212.1842868670639,5.456540828269896,54.69288759854769,921.7373202008704,69.0322846900729,460.3457003893098
2021-05-15 08:00:00,152.12112147976887,464.84882617128653,0.5061583846218687,363.0456668613308,51.561934417966306,291.82805592543605,18.188008439914483,792.5436398727433,0.18159771680142567,154.0233820210814,297.5389653501274,21.046594818180942,3.19293585841679,1.1620539908100636,456.18167280834547,344.7633755157806,409.59442971339513,391.0140438351929,41.615399817976154,186.08351191875667,342.8386481153929,46.39324866883362,88.1927758304644,6.202018138657395,453.80550127827746,192.1033564929001,224.1595276847111,70.69764874557161,0.770158211757096,396.29755814419167,53.90945527360087,597.4363681466907,58.29260568042631,257.50282985486155,225.64705651462745,76.08513309307817,304.84871257630795,799.3443570865805,0.5511599619163721,0.1198910934727121,177.33310249254143,585.3205457081599,425.287264007558,459.198771040779,411.88448328010236,59.94611396587166,47.508987286676806,614.9106673499856,94.50240645805688,172.50841996228306
2021-05-15 08:30:00,262.37821581611894,404.06018978220845,16.080805141749867,487.9260397312673,451.27645333978336,38.86731848249242,34.56672833238632,268.339373701771,0.9084505613336283,409.6977912872625,25.712906742125174,8.936967366706906,143.5190665874564,7.244688779455888,105.3310945028333,338.25669288862326,442.1032316742039,354.3723488714882,48.13441516353236,216.038441472098,842.5444691620559,97.2005329631537,42.74896879206152,234.38398273225292,357.01632223342824,19.498006287455794,255.2162445021161,6.268962162186586,0.8071555373648825,453.9493968898097,28.24724263700037,456.8983137909669,25.310153917960875,267.7769074398363,91.72109820171725,18.772240569225207,349.81978481106086,875.9826762923699,0.4381786132483445,0.7349258473948942,275.33168972042574,98.56653134092066,100.76418900315642,324.8940233821498,249.6435911936509,90.24032761106747,92.24342836561244,262.7066355061416,68.2540478767157,27.366353462492942
2021-05-15 09:00:00,215.97250932105788,316.70187825521174,54.87337893665861,258.15017415059765,252.62618622392858,487.19740383308323,89.67884099060119,391.31131276381933,0.5833917947661205,31.432111897531207,248.18312360061816,493.8611948680158,308.4634591878711,39.24935564066848,311.4832917817414,107.83757619885859,114.03988597446624,18.08019026238106,1.9192276823056686,219.7024948472261,548.4301140371083,60.85272726964666,16.223340578247935,150.6326303800002,303.9526070453519,15.477895459671764,313.2962555466051,83.93384923560023,0.12020722912057624,471.85079641011043,42.52281854376939,218.5435257211842,45.02542461428904,178.4429875855551,427.4870097807372,8.838494698451871,419.0774874943213,382.48794705022345,0.8391803949802986,0.5314549141893053,201.6038780666261,154.2556239838729,467.2165193767207,51.71705743024169,458.6271990250119,38.32153659472517,7.273494777866841,341.91785352717835,33.16168491078339,102.12105318421443
2021-05-15 09:30:00,145.61457009902097,435.73029509385884,69.18951976926932,161.478236470623,413.2287330538708,493.10537223980145,47.39616402628724,482.8927947547751,0.4008514167636399,80.38297755105283,298.4214244584446,213.88656686793118,490.59308901371173,47.99388347171235,315.7801100462603,329.4427351163286,106.02241995411332,151.5641779726643,25.98132087450342,306.4697912472628,169.35245122089805,34.950637208681876,1.260751997575904,299.1787421488794,154.68635893139106,193.99337997343474,463.1913033650434,0.3819922658583108,0.2655828329586061,480.0678022027236,3.757109039890738,878.7661830180211,95.75810150838173,176.89457936821802,441.2799383861736,69.89488284873856,401.40546741225023,584.2204348275127,0.16067958471184518,0.2879453426759925,416.82200523758615,523.6775238892217,344.5438268741148,201.01360844412036,283.42652438728953,21.633277763082702,28.060081323791596,278.78011920766517,50.05793174308313,209.3475716638421
2021-05-15 10:00:00,305.92644736118973,401.83603844955724,65.19612595026005,397.59309738435184,160.02480051530588,349.08085700987255,66.75577385210272,556.8493408160095,0.4620058036441327,483.95132951644985,167.1219454084804,192.16332357984084,315.90676350833417,60.00205481193037,366.5565112076405,196.93220282707924,305.49049442549585,131.55628495542143,76.0289823122135,471.5379188723538,152.69583631958128,11.409578488793336,55.975568363838256,148.6189038543086,411.8951921106474,80.01246823159703,9.558047214882015,24.682386920190226,0.01755236336662891,260.729819360736,12.786680122241755,241.5458873617438,39.903531764243475,414.2777989530407,233.15487807008506,36.83472137943513,480.46007346441235,856.0972705952798,0.024971662117049598,0.4928195845328246,407.3355023549946,557.3490028145872,411.6366063400151,364.4696000525786,259.122242142366,44.25773459328154,34.9937853570714,322.1713248361596,64.57250433510536,109.8174642972845
2021-05-15 10:30:00,69.74693032602092,93.28502944301792,22.42693094605598,135.41612563103712,447.7616142481002,268.0481831720602,17.231987120162984,318.1687591735722,0.9472833396118153,123.5559039915135,385.45610187291095,339.82364134653494,129.9017905320799,29.166257870930323,65.7838425636299,325.61648852074603,205.51423490335236,180.06820373575954,13.710970572899905,120.34635591625248,400.8144868264547,15.124682873493455,52.739962212267635,149.95955575349234,477.5302557424945,11.676048164092956,238.42173415890855,74.09040561520715,0.2933086107805647,488.65395399575186,76.55467505158609,378.8090732881893,83.98016066644267,394.6464241598428,37.84986365489373,43.23462264033473,267.9675394260591,990.5060178685508,0.44903876793012587,0.29994206977702265,305.91551005161074,263.38388202795,278.0953463150058,389.91044200503404,562.1433509832145,4.836271104878087,78.24258122127878,375.77390441593275,51.05704087285036,0.11351910912776875
2021-05-15 11:00:00,146.07232426760908,446.27949924498887,71.2179221347536,219.48571035281805,194.60083936708156,154.76380814316389,19.228901880867078,203.35314226528317,0.1533514031160802,398.59274255408735,53.2991265668859,109.12694393253209,317.00285154980565,69.49818861265426,357.91248234104427,53.29651515399536,419.9306514333602,43.82137338191927,53.531013145259166,60.750688150459034,806.4072794003208,22.53169299512351,71.93536223691585,371.5965993658017,410.59914127511325,378.10680697508843,343.86102121528035,31.627014972930677,0.7731418739186715,378.65510356721944,0.0011634755366141114,361.0409787661932,18.854060574925114,153.89791584037283,193.9130449584656,3.1149092793391064,244.24781632995268,900.5673799393868,0.23747855675225749,0.596081955238306,186.72897256635264,49.36103391606299,389.75835071203176,59.1093111455443,165.50987793660613,82.04875844802748,99.25146201619714,599.6204080778696,11.995294173096982,457.5007688737636
2021-05-15 11:30:00,183.18092164684586,269.67112095782534,23.724908749680008,39.22819067113298,5.41882574014918,406.89750985347433,4.086861626647886,649.5580381974694,0.5862298320167972,158.14601300710137,37.56889086790438,474.98059197511265,269.99268985792776,86.01223971892045,454.5162603328205,328.92265230151804,450.0115616990056,468.47891151553137,21.52018720172375,98.73524492996866,736.9128412668242,25.0966661340298,89.02580530178021,24.071417989176723,0.7825525957364521,229.26150444094534,361.35347884911425,10.189238806601352,0.5179605277125789,80.83571811848095,41.65658284822922,884.2726307717688,67.24604980250288,456.89422193662966,401.7688297313017,25.95764492750492,200.94359994536504,434.3205363619391,0.04961437333883745,0.4338439228552442,127.66818688162206,42.847263541835254,8.100198669733604,0.015359422691207936,89.85945719800795,82.63408109501867,24.067051475715306,629.1924665174495,31.206404465202063,421.9397056154645
2021-05-15 12:00:00,228.03499210851797,403.72007758203125,32.539969815926774,12.675371707728756,452.6909882096318,342.3655862769396,16.893506307216455,359.7674979162302,0.505888678884466,77.6760078004202,364.0943781018017,393.17250720777605,389.9226975755718,77.98509888933498,89.84155443512098,499.7068628853333,176.71068965135905,276.90112035618813,1.2120774643893273,443.46245010463474,809.7534682051657,85.06160578411378,7.9406584643029525,451.44749759599364,318.2006850917035,144.62238598632726,346.266215768554,36.02339188004279,0.3480955931682881,238.450053233985,52.251018108558846,705.4326947880082,97.70069544389435,476.407508501253,450.88701427311435,3.3676403874464023,76.84552142210227,275.64986549678537,0.724598286847629,0.16440552907887873,52.93715910656466,352.89092232002605,409.1902123897676,356.0685229403025,359.0350056904857,58.800046342962844,87.43073341370805,483.84977251767504,80.23960305536325,371.14611574347356
2021-05-15 12:30:00,392.5879806965068,448.0456499617466,74.64914051180241,481.32420733896254,45.64333839306678,81.30846967244565,27.85903390319586,623.114399280351,0.6114542354346478,161.03987077968338,247.74565810309923,44.705501156129756,53.490319413479206,3.9618825348357145,118.77166246193882,24.106019430278014,118.43527948724103,152.76215532901176,24.12014575995415,322.90540632760303,565.5421507974484,56.12227882825249,73.14964903403623,426.13193719559075,25.56769072105036,450.04159150824034,67.21756470406093,27.039328638452552,0.3717392949063303,359.16558768600197,5.4634420000972295,817.0132574722351,10.189310087293679,163.37127101502043,101.73637124879792,87.91857726012476,286.30361644101123,540.4532836659298,0.11159299995724747,0.11658307455569672,177.44884174327703,247.87916315804384,20.06942954268326,178.29808799310283,582.2066511248238,35.31028889383895,83.06227604317912,653.8787018387519,86.14180460955174,83.90729782301432
2021-05-15 13:00:00,99.83689107917986,159.00173748593193,64.96328990472146,417.99006025610294,159.65681879520744,455.4635922469212,17.70104842767468,238.92644374678207,0.01811018382084051,438.91482047628233,344.201198213868,208.79038789246417,380.513951251014,48.0506947257829,485.6975470208198,488.58709211065866,390.2627576219309,198.49075853714172,97.58737549100537,142.95339461958005,496.1790981599415,52.33909113743665,18.741194409758222,333.90234161320325,128.80361016686092,58.06948010026281,149.69779418584062,84.27119021605549,0.0013536257154681541,123.67015790954167,97.30781629723329,325.4211089132491,0.8319942227192012,177.21247439652743,33.48680601263576,24.339668321853047,138.5062621629894,767.4773066524381,0.6083195000077717,0.5466956820721302,206.58625860385976,36.61840799503962,444.9566881814313,127.24066580913012,239.14674396176827,79.97833644457833,22.46573976417666,173.41743305022933,13.730003271557024,60.181788104993025
2021-05-15 13:30:00,257.1172192068058,55.02596226383838,84.9223410494178,347.987103046849,475.03098352540246,411.2686214615845,8.87025337570556,533.0260916693358,0.8721239089441515,516.3039515016458,217.4136693018731,439.55915378108233,270.63328933805514,10.493017841817487,90.48847635474489,203.4539803614353,137.40301777406805,223.60127025241783,80.15371118829896,407.9734694843086,232.70727403565556,11.476887186921747,85.8177053157164,296.61078505369215,29.762350173885842,477.9594144776596,179.35776270850673,31.334791758514314,0.2998005275652359,320.30759177444367,22.612533124967193,662.386689646299,43.35827926326144,252.81707671097942,438.6752265664193,55.73371695730081,460.6537561064877,543.3121636779679,0.28104975016688916,0.9024130332861034,337.9114625520368,358.2863875412829,495.98137361932163,6.44873489476272,55.981322904693286,55.46870247883672,39.933258019922256,179.00941335234398,95.23867523987246,33.802374736191574
2021-05-15 14:00:00,296.2072844310212,113.96758127097084,65.76128923003434,204.47647220713495,475.30357346877804,474.899956645962,12.06358711006008,579.3304892964272,0.9321182824836124,501.5275214488551,123.2010166195534,472.36601114570516,481.4960019294973,24.204501586252746,427.1925466847896,435.37672516862955,411.3071592568392,300.29716668030864,95.95766443210334,430.684998181718,395.3734782483804,86.0139693349435,81.90635138616561,446.1512490698261,301.89772647469385,156.98335868867642,402.2186038397525,78.89324717760073,0.6464587416379305,333.30023952330964,30.419871963628086,614.5713848293739,9.26254830513672,470.56040626683676,194.70246948943765,3.897932066113041,291.59540213854876,534.8627769823016,0.17349605035502202,0.34395768655768555,329.0799121487867,26.555471221633034,147.03373108838892,270.1497033807498,216.79705503954912,82.59323085500162,40.96728692925191,254.6465143218926,32.88226178486093,362.0145943864606
2021-05-15 14:30:00,23.22520635999886,213.55389431312815,56.830860333547164,86.64716003542289,286.71894406164307,362.85975419417997,46.077876803272574,146.6411831401842,0.5651331835892089,250.3664471787038,409.5511588370999,233.70075562493486,170.93608301934304,98.66625932671465,246.1389282240174,391.19274202913675,211.86912682438142,257.8397138482489,48.785404392636245,423.257169345139,490.61742955648776,72.28143032084837,54.07937549855444,92.66508976435722,343.2949567463034,444.20183615434064,139.3799362072765,89.18721448107347,0.9741944438163571,81.34987190428295,30.39425122550273,849.547339109444,74.83843496762313,438.15971657115574,270.88048213378164,66.6847391305658,296.4200902540551,854.4073789736206,0.37975152291931746,0.7330001072226232,35.05406982062848,476.6757357265783,105.15927814289682,425.5753677129909,313.4403595053439,63.14587925830206,97.82206685265584,566.2697482363103,66.231373873072,464.40398034394264
2021-05-15 15:00:00,303.7724259507192,409.00738296124655,9.367476782809248,78.21852133554302,315.91860608489964,306.7075979678949,20.63337184057925,402.9438503745285,0.6966508238768923,407.4893792109748,399.7079394844896,306.70569460535387,316.31094656697405,14.249554290151323,123.61553720158852,283.5081304933339,333.7749496457352,459.6959866072087,10.973619867750351,459.46326681977723,179.7403867116555,6.766836190000158,71.02427986233116,39.484581095414306,57.24381903295256,301.4714382397308,105.35248193360158,43.381741957652956,0.8470608269838995,282.54265622637814,23.04166621173499,915.4783544331344,91.45486638485589,51.2839812917949,484.0329060253795,32.30273457540939,177.462330438505,425.2634011604677,0.8014457762229537,0.658661354939767,197.6296577155789,197.73103716795552,382.68168192902033,478.81582313629394,113.91534384668395,78.44054732127972,18.089190137889833,292.5952108284822,75.18251459566811,215.2679104565185
2021-05-15 15:30:00,85.26206184364577,430.36529162817175,36.77158030594335,125.12144908229766,224.2227609891599,209.12151814530944,36.42698610480755,220.97320924507682,0.9224993811772957,138.89089134117614,347.34823542721335,83.5169730460376,466.0140527550087,49.888815345135605,435.3749506362557,369.22460462566323,47.76765691733409,248.48174145291512,54.79594889736929,126.1205100866808,298.55075744009014,70.78350972297687,31.43501131837484,119.75508495476905,191.91944152248973,413.35367987074375,478.7240095190481,90.9943143854392,0.023594964645529126,385.81345548930386,0.1473822086311416,110.94109432964812,43.402097270875885,196.3653716357081,33.28236395711143,89.79191869576658,25.994675988853743,873.815207330481,0.3920935769045727,0.931554914309481,90.88943360868096,43.34964174535462,126.51317046012662,282.8724753066446,401.6992864727654,59.856299321776,79.91579711047821,354.9559631433196,81.19462346378835,59.570335998024085
2021-05-15 16:00:00,32.525796492639756,3.4760652655953517,26.520236768172545,274.61333235306023,146.60538584903227,466.36424167700665,50.34172708548569,157.037473425491,0.7072386343133986,190.0256835513877,136.07256861498135,495.58431306848826,51.254863995339626,61.81557343181191,222.65262750133274,439.25778065067396,311.9296623382865,496.07900741165633,45.43773345599609,377.5209643731391,638.402764657365,54.353821734264606,47.116789893281464,397.2891393500951,228.11825447777102,492.00658160523216,4.43164255673445,37.73180539631929,0.8985606046748393,249.44783226797097,72.93447940879963,706.6179271529134,25.871164215544095,276.6855948748859,324.1590037260478,88.81181889340358,15.87188268649431,466.1243208565512,0.7507696492110557,0.8209810172991409,78.40635265840284,361.2442881702289,432.7811915861017,257.2306638699471,598.6946456259163,41.41410682156662,33.419271417310995,460.28155255569465,94.57497022259301,256.19641036605327
2021-05-15 16:30:00,474.44276862666663,255.37365128878287,24.398964337908357,357.2979613500312,164.33227268495799,433.03194475020416,69.03948286293652,990.9642091509508,0.15253904291426135,539.8747747422494,295.1153334345436,115.8358506917217,468.61424361822554,70.2464970544104,257.4086769648451,202.0701608255165,225.88383936861456,425.7124788725479,84.4357082739616,230.26974863707,762.0968028152708,8.172534574677826,82.16368977104716,17.33513336324166,184.5265108804583,144.20271890937286,498.9104278409891,96.40784164901082,0.7831984132986259,6.051558388053713,96.68454997992853,146.6522192077561,43.44033190066098,251.56623627577002,37.05271128743354,32.529061836174776,211.66757207659876,395.40979511050546,0.1254862967991507,0.566605258905463,413.65107486862297,250.65696037117172,51.42129607873835,42.528192744620554,282.00889606923744,95.79458599261376,73.08703457761604,830.6795116093418,31.29195480288226,174.41595372931508
2021-05-15 17:00:00,482.81601653727967,208.7055015743895,97.30105547524455,330.0986883588656,336.2592280385192,22.609335053094703,3.9312139841098936,390.11846047725066,0.5762883601668132,27.5411156362269,180.4869484700134,471.3658870675628,343.94286115040666,55.96486834869141,179.61668469988285,163.51658078161935,293.30423158773704,104.2552571786679,9.808258078424458,420.9992764450308,998.5127602536546,45.830064152865646,45.92651971732139,291.40341754174483,60.51250024259652,480.5677427037965,338.4106494286978,8.928952452557294,0.7803761235709804,4.519234539646089,22.429348328504506,593.9727985696204,72.3447817850001,96.93153396844633,187.73446423325018,90.09608956904678,42.28268904861893,508.59092007972913,0.7727714196650791,0.6570304982341073,20.957608358128766,584.8042397471468,62.97759818967913,274.4364007712999,225.74256290352332,54.11138248788448,42.001100429566286,112.4759223215741,85.85064545515544,187.41246217499884
2021-05-15 17:30:00,404.19867405823055,111.05390523536512,39.30977246667604,139.9669484729714,376.18726471884,13.183487248626003,79.94103989090426,828.8870012691714,0.6067150463828559,69.59494789559149,45.79103666331707,324.8233244961842,33.91852955258595,0.9770847419183659,296.47542571746374,333.79669278179233,84.00710387243171,465.29760732195814,48.82411370217782,364.2453385808066,939.8019982092019,48.469628713004695,35.77982653254418,497.71875809565495,209.4738950937377,194.7409474512102,414.23464972455855,68.70192665032427,0.4579957590035715,178.5146719850061,66.30471918034225,358.8694561393104,0.9054161580370979,429.40838558407734,401.9072725967234,99.61576734987788,303.42347777006955,786.2022628073817,0.23693332490664865,0.8983864665840349,209.59143795106067,335.6352242521473,489.5757775503078,189.98953948269732,252.40841676399066,60.50895185405384,57.835976311654,684.4409382129602,13.168690343620703,310.6653120778536
2021-05-15 18:00:00,152.30688458668536,59.9326836668414,89.20465551771133,477.43264033159704,395.7895218629243,188.2316834390248,62.79003894909078,329.17658928738746,0.424130671302386,140.57402798469585,458.65678773112137,303.86839743942954,150.48178347340811,32.64613082439919,81.76193629251138,403.9229709706293,368.43687247209107,58.183198942738045,15.004866469398426,388.2237232498623,678.3086795816724,16.577454016327575,49.421244725029986,427.8480469187697,375.58902390420906,192.75595236846115,147.3096981730966,49.38140404569287,0.3980052929545028,463.097034215891,74.18963269587151,376.0989395699271,58.945398948469716,338.4703914984187,216.7361163778172,82.5415664123948,440.48650281982873,213.40182507759485,0.6773931298888728,0.3995187845869348,84.10182788325909,179.6387250014648,336.9194491350023,303.56764044178846,86.78478346921666,22.048763941474924,83.26117733261312,701.9888779366169,70.50409063535928,359.35905663110117
2021-05-15 18:30:00,48.83605700319193,168.807585701814,63.11386259972629,368.94845834788424,394.80907139727697,405.27666539091643,8.17590319488719,713.3524500015363,0.7364442356247228,35.38867824681543,68.4093154594807,256.3442555082543,354.0860443226408,51.771164338471145,195.54076832588035,381.1425673883079,431.39853877161426,408.7248542455958,32.467592689006,328.08091884053573,479.1232479646648,94.56981470002823,82.82492524372184,260.72284452179474,35.50383226662773,170.19355212725284,7.1576388335299885,38.76488054556471,0.3029157288331926,114.33838980180438,84.84253790905247,417.66265310712095,61.329168488737906,418.9541874259018,498.5911769514752,84.4871347755229,441.4574082593611,276.77729428481564,0.5657815548409963,0.32679470585777737,439.665107839237,431.4745414877054,423.4436122144764,194.36317393827335,532.2986888272098,62.565078942727645,80.41655649838842,818.7902023209729,74.19777295139859,55.301799436580424
2021-05-15 19:00:00,342.11651325607846,471.4548519562596,79.48113035416485,277.17702625570035,45.60305152434518,493.6380646574722,87.35786241067773,784.2050739007179,0.9343670147690148,125.23255235208244,475.11867691040123,115.33490585887934,33.67530073438585,8.786649914483336,484.70616116764376,398.9068244293172,108.36990004538782,190.31164673829005,73.73570773877996,88.71438473485344,672.5596282374095,84.99753714806619,33.520804737087275,31.82045464332117,40.090007040951726,270.7038036737926,368.93475928076504,63.27118787486009,0.06569485895436578,317.1818444358436,42.262919701360914,659.1632041446491,63.76882468959355,429.3821396747361,279.52964247330107,24.90087361090899,329.5227050661162,956.3003430967827,0.9291447172116873,0.010811083635196339,278.52025663751755,177.46536147477258,162.164688675759,120.14956172518337,260.5988802023842,57.160764948294386,86.64231835397001,939.4776451542818,67.77232412013204,17.795115403238192
2021-05-15 19:30:00,220.07624686980066,161.6014660103776,50.26370931051921,305.8603731171761,247.21015235129073,75.20844555176409,92.08724005318132,636.0748665470599,0.9255685129067763,358.1641053624215,223.00288647897787,88.26401600275413,291.08523008813665,35.06269312091808,129.06671635056378,217.7916574064665,47.85727776008086,438.9871602225348,47.601812936876655,272.5134594484692,807.0864562722088,66.90223373291083,17.37615931357438,415.68675719285494,177.38564591799212,77.07252158924355,417.07229850033787,70.38570916343312,0.2282353634936991,111.03793534666029,30.293090564042924,400.6449691018923,24.202207998087722,374.1779268328699,160.58107631797674,57.67023988577563,105.61591573646551,257.9424646432216,0.38732251797531403,0.8265510741914642,115.69031818842402,544.4611090163878,338.2418747603022,47.48263761418825,244.61915862640797,18.483839794702494,5.961732534465902,118.12406405436084,25.2314736135153,497.1651513428574
2021-05-15 20:00:00,61.019117422389414,259.395310871683,57.69038846263591,209.80003121389495,28.779380008322143,297.06535767606755,6.107795985486375,524.4185696951425,0.4508393714041321,264.42623934364883,92.56646441930982,110.24310453508768,172.94152847647837,3.3203108791366565,328.3683322706461,408.9171080875108,11.819293023168198,434.02834505372516,37.58882851457693,492.33486976225413,206.50257183104858,46.22955610006072,71.20140203307808,299.48925408860526,470.86285580946253,276.8557426790056,370.2380659767596,0.43632696503090873,0.24660363497802462,160.8349948297743,32.52951340230311,759.4291455312524,71.40527233781268,219.60530062485867,110.05566295237657,6.725591396736785,431.49841567943605,610.954586137949,0.06616518883444045,0.8009807004033649,251.2136435831882,237.33874289427834,297.1209136542986,157.45922229444787,402.6203582996751,5.958709735314372,69.20505530397449,238.40533496189457,87.30431470152034,116.36417445777592
2021-05-15 20:30:00,247.58845505563508,351.50947944758894,49.25176938188639,123.86549475057873,274.76444116186775,190.44542831551075,27.687764814720374,470.6568227325417,0.11323804584075525,537.7495924246454,270.9504736891791,93.21913107212725,310.45775888373856,7.857849715502074,162.59503211234744,60.10452768530422,320.985750221633,402.9627000588106,39.44762785700353,468.69403324855944,468.91440072665944,41.17655415845085,82.59782127080818,57.466498529783415,334.28632336145705,270.852406205002,71.4251436504193,16.69530887471987,0.4840770697102016,424.021044800742,71.26213330985128,464.07464701648274,9.13914863317764,305.27337750771227,175.2602671430809,9.491793682166971,443.0467176566041,621.3830199957441,0.019155485551252904,0.10445451810015138,365.7431798515579,338.92376641019905,301.5750600614735,48.32241714387614,276.3793841400516,60.43593197147711,13.998737672176286,897.5541646503938,16.8858463370395,26.915262454229538
2021-05-15 21:00:00,17.194260557609198,181.814801189647,19.52429877980445,177.98633932563078,220.76525068668852,484.9571989073016,80.62012797930613,413.9814398886958,0.9848411989623346,494.1172658082957,436.47291793820415,389.79223678337667,22.871016906256425,39.69232762015961,386.7365628433003,272.2445489804248,303.54701804439037,395.01521815353067,45.94467684059866,21.586867898505837,855.8220570720555,65.09734671509541,10.063747852353334,46.9286424116781,339.3349783362824,380.950906302435,376.7139611284845,71.30460506343186,0.747444406596694,364.43072113497345,81.6779466505636,161.51788027896276,19.92703364668008,80.18270305987157,186.2666368797754,99.88926120332906,98.32679247647935,540.6620158452204,0.8268585609727531,0.5768573811327002,479.0590044597169,49.33240021805274,341.2662297688608,88.44847541199196,395.9754119085507,76.36922693503206,41.5818568018411,512.6667059683139,5.363479152083084,94.93766454795998
2021-05-15 21:30:00,454.66020103939104,485.89104136048036,72.24521152615053,378.92305523218454,443.8520913791499,421.0594615678543,74.82596903836584,936.5762298230433,0.8388980864459341,218.25406398476807,366.1124432047806,175.06262958336504,435.7684030761881,13.271575404306034,65.43683035917492,2.8793302490607853,273.348706357035,152.33956954902038,78.50165438370568,82.40740786471856,445.4496567397396,54.543186940690546,23.98741127559447,454.8134097182962,180.9599954189325,416.8249809687928,384.4613910538205,66.63854135782064,0.4738098283979466,47.699638656605316,18.161396775660265,805.3838582356965,87.74700466544819,336.82270873745387,34.356838861980485,32.663924942591095,368.7130428853386,680.2707237191368,0.5247356376614322,0.4639816981668874,110.22300212270947,267.15031801229384,287.6795865645493,493.66807928977295,55.63884827585675,52.34013709220082,54.858841505468845,608.1315750401172,71.74649906119122,19.47892317423211
2021-05-15 22:00:00,129.38999080000846,481.22364747105564,28.07723624408558,7.196744314877934,175.45750627603934,419.16435235556895,18.45210193563773,847.5574670089562,0.12466268120326685,170.46559139014963,403.28057393072487,28.921338281698183,486.74448458869847,56.75408482615582,484.91052253927234,162.29291495013516,115.97354805798771,40.45964152562609,89.20846889402344,65.86438672728096,614.6850441044679,6.227310588188562,14.19719897609939,334.60013146903924,296.8303956042692,220.22067515621202,329.27025783502745,96.60475051286772,0.057844449447160606,214.35101049321682,37.09410081577652,357.1824921334354,73.87231507265663,89.62662786964037,184.7870997133866,74.81839120488463,143.25977446356148,306.8440532178566,0.7752440518349493,0.11870909550911146,443.0908860646726,502.77085300337706,214.53118465133298,222.0517784533093,491.9595393588919,22.67726253196457,40.273948474683074,696.7244833508327,47.54757152327337,195.90544730858582
2021-05-15 22:30:00,331.261142176991,125.89114791268207,2.431596643145384,58.036320253458115,58.53350821380293,234.34657989748513,20.93493233367103,968.5242195998613,0.9208418826173723,240.2215967370148,329.3916833553587,484.5513150704057,484.4389276428457,68.94649691372658,226.89477069181962,183.23076743569894,195.45299795275733,201.49008938258072,95.53346865039283,362.98995499264777,628.9924247759784,51.25026487703317,34.79414115821666,414.64339965837775,5.065592013871689,151.16662467574687,383.0579663977931,76.1037790250783,0.9577898009882039,14.584881822632234,90.19401967491501,489.4901916393364,1.3745554011345251,346.9747952550784,232.11925986961245,80.66650530268164,401.3201561764648,597.3960409990734,0.2344256000115147,0.9805682270607236,467.15205708374515,487.27630711073834,137.96134719027341,265.9358832525083,565.4922926700535,66.65219766930349,51.961167580300746,711.1599440460736,84.90980199586761,401.20089222566213
2021-05-15 23:00:00,155.85553804470547,248.6242529461927,64.54722959071678,23.001321010876374,71.49584102641793,207.4097511688326,37.0472102791382,211.86750113699026,0.8698963620621283,362.3710666585885,346.1382822589262,441.89294248171285,374.82591587146237,80.05866991090829,118.02523167323199,198.08634580462768,297.23816759308653,86.76225749325434,78.6903386255295,408.8926649284725,266.02862782027546,80.64036172328395,45.035097890541266,439.48945014113366,318.0480232047711,129.66744865854724,422.96071983886605,95.0772707731338,0.9427243190941123,240.4450733015045,80.66935196947392,716.8994948997114,24.83762603698002,114.79908037698434,361.36887611940233,85.80232710072292,498.6189499518013,434.95592972220743,0.34508374551323373,0.21469588746335544,458.2102722660331,150.10476413504523,384.290665456601,436.80926436860767,396.28392397244386,8.010572660960225,99.65263087986192,938.5663629848574,38.3397141058259,170.6222248788603
2021-05-15 23:30:00,260.0340105889054,150.43915490838484,17.711067940704893,20.36440115948507,380.75531585873614,136.70353596535313,48.45229851910213,757.7807276832798,0.5188380571260721,175.47691167726822,424.59782578265964,463.8761415976065,65.04312006531599,20.01502442448101,36.748373665006326,347.7336033449311,248.38342942958468,347.47554445123086,31.540689574801274,106.75568315533596,426.01189748705957,45.923987759695805,74.88263369633064,285.8861760241611,456.64347378811834,97.31191835243597,306.80205711872924,70.25405015348069,0.7851895431484084,331.21700585053406,98.48584027624759,399.21054143384083,21.440648299316457,58.775650075109986,328.364742360804,99.76282974021565,15.013002664696407,695.5005336662701,0.03010387221131894,0.06723418009056115,317.7071784309549,151.12586118612634,113.1362150015931,497.7844502453439,573.6482387381102,44.183370480195464,13.521731371285473,997.2544756705026,16.827858850771282,222.09170343918328
2021-05-16 00:00:00,273.35513967163985,142.4202471887338,94.04585843529144,427.7302920055036,309.1090316581305,28.18774832546356,61.825477153029595,944.506411138934,0.5912754357449292,382.00636655249775,124.83400442959297,497.45391132321765,379.1315979645113,16.748258225906977,84.87895254377037,194.27905063517287,493.8927601074437,173.04986326889278,68.81347060865421,252.9263464759145,401.06015986773895,5.195657755426842,65.11475848816741,258.72317587752065,306.2867341724096,28.82379109951244,44.302356984839534,29.805220863944314,0.9913279015642206,59.25131179907578,75.42482596820807,150.92709053204408,27.080632803697256,82.64224507147871,354.38282761457714,24.149648525686786,448.68293289546597,227.10118903583452,0.9614923245741122,0.5948473795019096,314.9103272173538,494.0370810836773,346.1771530772071,291.35722467234075,107.83074233457872,16.33667583984202,67.54560453364256,748.1417148378462,83.64421924698698,337.79338678371937
2021-05-16 00:30:00,92.42722776276352,18.443473677266397,95.39285770025873,351.8289296900118,50.56133806139512,432.3611881275266,36.891363956977244,263.1097595490941,0.39900270387013026,257.4587582709195,244.71248182157024,86.94762460974364,12.293458229400755,10.456784033440025,259.88697427800884,224.34681131126533,68.21987627836657,487.80510042995746,43.760312405539196,420.3515140056,123.57703767885832,78.6278199384033,62.092856747843115,215.2137051604951,436.84929673317254,171.22398941735668,243.81390483360542,10.536492225085647,0.5444823328002629,144.44246945458283,39.319520102792225,436.5289423115322,24.755977027988642,0.996067609535134,4.181840938428549,4.035082685969971,311.31526679932904,613.7896751555286,0.6678679067008134,0.7388666771330327,201.6053165919114,559.6310836982088,116.66641132466331,406.23691052208585,296.90138989860515,18.445905105988338,39.600096638561524,358.4990882846357,54.89096316400717,254.4470350349401
2021-05-16 01:00:00,484.7923138822793,304.78216698994845,91.48643902204485,237.0869145436626,42.05340305749872,406.4505045650388,46.25347161331479,159.84664063009973,0.05476163882203133,340.1873648941485,110.60472090980112,198.12100945132937,11.061775764498627,63.64302495436367,168.50158821564315,118.77206543716373,347.5722770237969,320.486038672666,25.467062204605117,366.4007723831253,121.77258750221972,20.13637821359744,35.23749466096544,158.47329389555964,361.9865277330469,135.12384606539163,38.82466733580253,78.18238633449356,0.9627683502532061,198.91831275107847,59.06378339946377,950.0037244248731,6.252629574284574,359.36980892676513,108.83369979026803,41.1191517994586,486.69130958241055,266.74331984499133,0.9332050877593062,0.03244344604718696,376.19894115189396,75.30933433834207,312.66508497722697,163.47051216833762,369.04790568835944,20.229394915820365,13.300979890732878,891.7771620649092,18.91957923903549,430.72284301066213
2021-05-16 01:30:00,387.5664116805573,251.33951161443073,37.01587002554444,48.91708032550074,350.48456572956,499.8588366430653,74.74709381337566,767.0085843610532,0.3351972416459009,272.9533868984837,493.8340039983235,379.11923785204567,161.80510957477063,70.64757264869012,414.44168294130475,186.62589581467003,202.15938405214607,411.24028181718046,84.08715794259226,271.11860274592414,848.5273393081961,25.862083488803876,84.144755308476,217.29798042935587,60.27920820184512,483.2086929332037,203.77151551621543,64.4149221475916,0.07560504061675077,459.7655123280249,66.10142542473203,677.5609575687024,45.894051659682034,366.2005245291896,330.84214419992827,13.008066982894695,232.5047587632138,350.77875680353276,0.2654964074290723,0.6587176387270222,265.64700917546594,281.03401086721067,373.5391335645145,152.87197872364555,357.4072555042883,38.67070570439779,15.873676337430954,144.29882308668545,72.03839985864458,433.01783752287827
2021-05-16 02:00:00,469.74947078209453,25.739375624994675,1.5456616528867428,245.80793755841617,36.381503182096765,498.31841853695266,3.66832028905979,617.0258018619207,0.8028534485980114,190.79014053431226,472.02966984330664,348.0103090268961,244.32159520233287,3.1586144825642037,215.44376183090296,113.63481363157574,214.09980746280738,66.26233637092422,3.8426348962324997,295.1738452293865,345.7637289755312,16.47063534322959,47.128716739816454,386.9398278650782,451.22665364292084,278.85441312502195,203.55324456281383,4.818601239329623,0.3656807482613713,496.627507711482,7.845581631712395,704.3312338004862,73.27334747861651,257.46667495662973,241.99468408987357,2.2425889162055124,423.6939652856869,296.8388202912249,0.6114636112256608,0.5322918759514544,338.71903561414723,215.7234817992528,109.3569444532696,201.3518604972801,252.84783187164507,5.115020562039763,94.92731062456168,307.9727675870466,51.111363848950056,4.955347745576821
2021-05-16 02:30:00,447.41367521382443,139.32323211830573,92.83185625877253,236.73588539028285,410.9300296451781,277.7158528013137,25.243694434402077,857.6458990824449,0.004632023004602859,570.1029180380509,19.713405684252947,76.94795316992753,385.2037089038966,93.62122462436898,124.35713629381495,36.59796188422182,358.79888282908814,431.0072411363113,90.17619921354235,254.18027345814,566.2708896149338,33.02150648714976,97.91049380151546,300.96171550756577,33.22192217788744,173.63851951525376,33.00492207012079,36.005046590097834,0.22538126800676583,22.45564949780793,54.44969591038651,669.0539382738758,60.67317247174364,80.68140052769185,2.656737834172973,36.04268271414861,31.197034299138615,264.5540018819354,0.6784999682926378,0.10326500887504841,214.22895192439773,524.9993041653148,29.97165043065414,336.2536313368246,216.0889574324316,39.77934409290982,87.9601496711762,907.6471457173434,60.431298224031984,389.0231532415996
2021-05-16 03:00:00,298.94998940554257,454.13294298332687,42.81841483173143,86.60093495500759,353.1211135782481,384.49370759025527,71.33495858845524,225.79513896366055,0.3334991716911442,462.8913606126613,352.7875862578442,407.9165624953089,341.6476883032526,5.1971283651472415,308.572493302015,301.72429669068896,346.21807566218484,461.37859525669717,46.147746462473414,148.7742256594103,368.85301622989573,75.6751505688635,63.41421382957368,446.26164497742303,266.9837362738819,290.233800496848,174.41026698473965,95.67998154842861,0.19583308413427003,380.503961747696,70.93208284726096,279.0929250634931,67.28716685980798,41.777168755344874,402.24732121591114,78.37382510752364,167.63952503914786,843.1398564046003,0.31754970025758844,0.17252387694636206,365.74823202156955,68.44445051441089,65.48687149708704,341.09584462754935,93.5579330792429,51.170744711470086,90.70419604150219,330.57236299541944,46.089833820658185,230.36680012083693
2021-05-16 03:30:00,460.9371175115584,119.78094533348622,96.66548190436696,216.92582461898652,40.67439032094988,472.382864941214,89.52068376871993,815.7405806739011,0.3981686935909433,101.26564194454248,462.6241587078329,112.22028591833033,222.95135318837416,54.12963353010704,353.3886084427229,334.1063992775081,495.62799685109417,243.53095940946795,63.72014768082804,282.51099642950805,946.6113206038065,51.93858595039374,12.626474156450273,221.69000718959387,71.06856189672884,69.59835067284776,55.499049395657416,50.04011457102012,0.14080294889267608,185.8620332011716,16.732130400106037,476.50047769205213,8.114917853623915,9.564483218643504,386.4047866451687,56.61806912250709,33.50826887560498,357.13681089480133,0.8481092350156301,0.5679742973160805,412.2357588022745,142.45304668366168,302.99848363551274,157.6197173247254,247.21062132612136,48.329428496632524,99.15327758273865,298.58595365957365,82.87089838180064,494.4202706518315
2021-05-16 04:00:00,44.24625102595975,72.44743604561154,96.36199770892529,199.25236719868673,42.41885704259596,424.8236953387057,51.167744211566614,281.46458804297004,0.5373956029379229,523.7114260207894,90.28767256366676,111.90880741131154,136.81333314083292,70.90605194509165,83.52095395047493,309.74517300480727,64.19714472706262,303.12646887548874,65.93539222057827,344.44265102504534,333.36708297919637,20.488127415071254,67.6177562075434,303.54478935937703,5.853305365452033,222.02187460110144,404.1176050046111,43.272913601970465,0.6224136415659967,196.22909311474,78.06317174255571,775.8458185269865,95.14907101767872,82.87408848261035,274.2095814967813,31.277798921035405,487.67156673953525,934.4114036780044,0.9471614629002478,0.2963576135132884,73.21812830140806,456.4316358001667,424.72320311286774,66.60496206831435,114.34327276118138,38.27841004030405,20.831539000851794,224.31276382622252,82.95627156830498,241.61603793771758
2021-05-16 04:30:00,97.9914312095726,244.7263801387815,85.300945546736,307.92504902610824,493.31978925058775,123.67405087159882,53.211348526531566,247.29034857913405,0.9198556164127605,302.7100949847179,283.97261527631474,268.4872114467068,498.5622500788556,87.09691237460856,83.80960814415883,231.74702190028617,52.054824692083166,382.4049004514977,89.51177407065364,436.66145793040386,486.69113146504156,87.78300781520409,32.5104015431699,315.65377654599433,211.0171300638195,313.1171607105319,473.84401298223537,45.7699605159294,0.7813218557473051,377.1324866735113,58.37727805141116,191.23560779784322,83.84918338430248,445.4277674915734,33.23166288813606,65.43420054927196,408.4869536359184,972.9338728106718,0.8848551176960043,0.9383157286513161,416.464857787114,49.75043240910504,22.49841061771218,316.1981282327543,445.93209236548665,83.91466080707525,35.543933736406174,873.2005818822248,70.93888218243862,493.44797269414875
2021-05-16 05:00:00,22.613644455269032,492.82522705530033,29.444889206958567,317.5468254338219,187.13539787806016,225.27206765504675,10.717201133977605,247.83921813789365,0.34634599436596125,538.840291598573,457.74414879402093,296.46996742085156,213.09065111798648,71.40869321324278,18.335713466771487,189.8928900896149,362.1694085643706,87.41931363020628,63.66696821672073,318.14567698962406,885.4572254361417,87.95818549515292,68.63271966860974,295.84858115316274,147.5203538270781,244.44891589622569,36.1582376289693,20.88827240051637,0.5782983994203607,459.2132160727043,95.22217856975946,350.06749848074105,80.50903184956627,120.76842085084088,383.2575247662923,23.20181803088107,426.2737106229852,614.1344229433876,0.7390669759393725,0.8187402294840508,270.1482658951536,305.6705208142878,367.0756295208231,64.16293109438226,141.1219425868622,14.53266924205041,66.92190299248666,550.0524332719781,10.540137739646227,377.2846806028683
2021-05-16 05:30:00,162.66516538163216,121.02763575575021,38.50977286019253,22.652004886022258,185.32107353344546,64.57970757574749,44.741236682345466,833.117248208244,0.3469532018962277,483.9160484494428,16.97298929289942,290.0431039189056,225.69351216483773,80.17280830697918,368.20100753282026,431.66682478591264,289.19345850320457,251.2830382317212,61.39335847600618,380.560768521579,857.7402101126278,87.05784250460069,6.964114816240574,351.31688654275814,243.00024689880152,200.88940032716212,477.5576036458507,36.87071708647952,0.14696270958820967,475.4642972512742,4.24222982068917,348.68719761926826,82.29838050417675,177.13566360860784,291.856793865682,1.4381446072085025,468.9826157169471,228.70101039915374,0.27746467972495403,0.983567206513663,422.33295454511216,276.4220801142376,170.65932297502607,289.246254114665,53.96787706502963,50.5696743781374,48.38025398606472,707.4038827487393,83.88538619040689,124.30244230665316
2021-05-16 06:00:00,194.338644844741,336.0677737029393,85.11366715168569,187.3063073132356,406.39978362875127,477.02551362936117,53.261726645502314,698.6774986265801,0.7375012481097484,266.6238325921554,348.71013362341995,45.743418698877434,81.81191059583459,33.94501925428061,331.9022638109025,259.54089256810903,137.08033327990293,199.33151388615656,6.665204056068996,80.0358174772865,267.4912760616496,23.87962113815393,17.48814371759594,118.71673418740313,288.5999433672754,496.9241944498491,261.2882996683726,36.98132559871766,0.8111237699334709,288.5612930191604,26.5326137555467,488.8170348350554,93.27105081327613,52.672742240666594,390.9799885789796,76.43533864364274,42.55174305989268,437.0934190416231,0.28161604210563174,0.259670838950414,215.6508531705073,213.9526838134742,239.26418495976125,346.7110640281545,340.3723599339959,6.20414169565543,41.83895333783335,315.1597456675267,67.10129805329098,269.19748964347883
2021-05-16 06:30:00,135.67451588694794,380.8098076643588,31.692200515627768,312.9299578571182,473.62428869192934,303.08731722544,24.247050363472965,570.7588822922073,0.45221794088980716,33.03219882566809,148.6745036862754,438.7304313151902,397.4047743749647,81.48251137465122,237.31543787490693,239.5909388148655,39.7096844944933,73.18699608112456,51.84080219452041,230.77873720989496,822.3789788161394,45.12393441809881,85.57372589057863,256.1818887728953,21.86953615447368,440.1573810744635,149.78283897693694,5.2355020187472405,0.6359547071637285,178.5605796502514,60.15538792998241,982.3318668479666,54.42539661136977,111.18065237408514,375.8734961979202,62.374308486400906,192.7987962566667,817.9590370133926,0.9633603204460379,0.969723632797977,189.52024269151752,248.85194288497578,464.4297749227828,350.3057481972258,365.2332449772529,7.1155678877909745,35.781124933559305,782.2363789100948,69.70241660042996,496.0678197392914
2021-05-16 07:00:00,414.36875457596466,118.81877199619983,16.94927466860925,251.56812929004386,493.0005319114355,114.32140275173136,26.924323094938096,422.94743571115225,0.22460482293998196,175.83286844326872,462.1980976882652,132.80002129435303,346.84111289074434,8.011484638467515,422.08522448459854,12.821032903217844,42.82912479821527,183.7672111457657,15.016900081704165,4.6658099135466475,512.3681980641034,98.49896561408751,22.71795570235149,52.11240140417384,61.501647561872815,311.7029790797201,38.431037638081754,76.75676285179182,0.3881657061269955,393.7745429293896,29.65599122059307,160.75229201543976,20.02820178676259,259.61228539010256,401.50103597891854,76.23026245009599,35.517444522001064,430.6516558273634,0.010284495935692028,0.43123386979155787,457.5303662586112,327.3655404195351,165.98575236792274,376.7360553297984,525.7095755426932,57.38658496770963,59.37806319434522,784.0049904658887,36.298284040387166,428.7653038759618
2021-05-16 07:30:00,178.37666334679463,364.10817430592977,55.68012624583501,428.24492059416116,376.6890926294708,335.85034220292835,37.728416310462265,889.4804867317974,0.4524395161326934,334.1478445033028,485.5291225826839,64.75746064140209,110.38480639438019,89.48166560605276,402.8350764750266,170.6239138130782,447.09543733205913,34.08615469274678,73.74337687214856,123.3394322608115,534.6719848768197,77.20124763099903,83.704112524294,192.25566382240626,279.3211982252127,284.6886805911414,250.3121340352089,41.6504431903879,0.674130295536063,125.50069163115013,71.44241640712423,566.8308949425355,61.678360785254114,303.87634154782626,259.0040332023124,3.893801668766561,105.3965507750143,178.3154964725099,0.7160499732421445,0.3475187953137546,125.58463377420065,113.59306786526221,232.66846696974304,436.4297107828323,354.6493352022555,56.6018424887821,57.5593428640082,381.3382224174701,87.92795561570067,48.68344689561055
2021-05-16 08:00:00,140.46725484369037,183.8915663596266,93.6154774160781,329.3468158094725,188.1297927654579,309.0641202289479,2.007119777772637,453.20059668037186,0.14085702037979986,387.41736749916544,472.13324455671693,444.3740399344886,41.19052280792135,54.75923761537362,292.6771821983761,190.09780939292853,95.93366235937145,12.905953474743493,51.22219208126745,363.23085755650243,220.1319751743494,2.716742122555982,27.927608845441043,243.83353431063222,171.58367658632912,310.33023991229203,397.2577722453743,82.21798868164232,0.25990497924283285,282.0370144167589,75.9005282521931,261.4282138109894,74.2881493667939,122.67615708310554,70.1622590967575,83.71196278306522,114.68288851883618,601.1064198353691,0.7062461625552622,0.05034952696935324,422.10616264307157,351.7576094044838,6.841207380340553,249.9794959823942,220.37889515959853,87.8033512844457,16.14578340642401,469.61436970925456,72.53716002348575,353.18599840499803
2021-05-16 08:30:00,271.34804157912424,316.15291529678973,69.6029796674973,81.46721354071485,41.750358349334384,179.08135901642024,32.20791655831783,834.9394955244194,0.1763869865062233,169.57485755125734,237.1071083287319,477.82574911487666,340.24965103735656,81.72977699624937,434.1356402566293,199.41139044845025,161.68578105776038,67.58314457741137,68.02277792083532,495.90497567468174,172.54136238141217,6.5204591260492055,64.28819100587077,326.11212977273624,364.58674377472397,100.65605391121663,353.54323863334906,85.03480011198954,0.3451922084942105,179.28923076243657,10.251596406647446,973.6088908687697,73.79173933540254,28.866079612558604,335.57873668984433,61.95262000363033,234.55360552378934,860.6087663464313,0.6226895409497974,0.05276525785960262,242.01028625470207,487.15075099399206,40.799360002419185,365.12459476478557,485.7468912852659,55.78736756600732,47.173983751843906,288.7212496871808,11.259046652919446,172.78979293540652
2021-05-16 09:00:00,70.46211248738132,316.76485538044733,57.0061170089365,35.28437370021492,388.5734579637184,56.778796099814514,21.144800699654464,495.22141771319656,0.49836777273947974,100.826522962238,431.0213254946567,431.0638086327253,327.25560714056763,45.23182845183001,102.92060501838412,290.08618461366615,113.328201113494,481.5575557945869,4.167290060238427,49.589049793607956,755.1453762763887,46.39313768123328,69.4150573509831,475.26552629310174,326.1458242959698,197.5688716321593,25.11300573198688,21.199405469865805,0.9174858431319902,328.31553685393806,51.38544642067677,201.97315425471777,52.14490241668801,195.51643456369933,310.2368925259853,56.33953507126401,134.2810837268213,816.3337484291521,0.9901088460868658,0.6920112559466547,257.04772127562984,460.8933392782922,129.29579556739202,309.58636768291836,333.3617580487042,95.97910204048502,55.347177620984986,978.9049209906138,40.77780344061627,3.4911309401740587
2021-05-16 09:30:00,401.09849037701986,267.88734203737926,9.717649377076853,321.2096391031578,279.2021248679025,335.7865977963998,32.74973521779147,439.24998648241683,0.4189254495045479,504.2595373435935,422.2746992675352,404.75803736243904,136.62976349910466,64.35776951965249,55.959809698863936,266.80127336343924,177.49815291596866,274.76476794750846,8.479201604580322,200.74715793064414,546.8150371197698,90.92202058615601,51.265475314505295,300.32553327417793,422.8021814949534,19.72976644544966,36.45091768395176,65.73534821701286,0.2905045056714204,120.19945644675344,50.889055559105586,463.2409021254321,6.845871933357806,117.10168546316707,371.1265935995436,62.46140481145316,50.489053408880544,257.6108261173179,0.31187943576372523,0.4579289944340279,154.234140744742,109.26194472238873,13.926120410537202,93.31996989884128,65.98256508609121,4.869484839992976,57.02869387313905,681.0423193525704,88.63803619601417,201.7404845134998
2021-05-16 10:00:00,37.275321839885414,45.144885027204154,61.500722669916975,13.255655270810907,212.11100462348813,260.15385045189663,11.976213181925122,516.4118071026458,0.9148459010681,590.9532648080602,159.55023662162782,327.62099031951084,475.4317811252052,52.640266093611324,134.8748057584948,303.9525463967223,34.711921373046685,482.91108057660995,71.63233880626822,400.03548434957975,493.1656323536616,53.870179795271426,30.531067669673128,371.7969580882799,346.24641333461267,237.77301874341333,201.43664131631854,47.22818041629817,0.4699882681579366,95.79647286741289,36.92807702155411,764.0964863511456,37.11129384301278,109.77696161490097,84.94050302536765,86.4433246868364,83.74554454705385,705.4881529712201,0.3399718637932482,0.2265216260361057,286.52110030950786,106.56469245005486,315.68766302412547,12.844822434704085,348.1933249816831,9.800768478074106,21.01071929123518,941.0894926439639,4.719670169737899,117.37721086248565
2021-05-16 10:30:00,493.44346830025864,417.651247794619,99.00538501042632,292.88779063673167,453.177192547368,386.1591958678197,89.0527280739895,371.24008674772784,0.3623938991166331,324.90030573555777,414.4577370753387,275.4286853045696,75.52894589045012,73.15895217553319,28.543428044657425,382.4416307710641,259.52989545413516,216.248939165066,7.208433599867337,102.01781731444942,756.5574057871571,49.781250803429025,21.264437637109612,253.13302974760137,214.96553869507406,271.51229197883157,147.64524702397165,88.0156737921485,0.8901411373960146,459.11954333771854,93.29248625696721,734.0989852247008,92.07666084633573,479.93140135672763,97.48759995014461,58.69365065589071,73.63778177604546,298.4538370920824,0.07893940294655555,0.6139703063252326,162.60559813810565,175.54113329204972,213.19917840081126,142.27069283846689,546.6507563445642,4.40658615703814,74.22713922522868,373.04698926621984,96.14166196420496,409.4346352602358
2021-05-16 11:00:00,386.1223846483287,160.39003248586792,14.008401523652402,470.1151207124788,55.59874115307567,260.0817505559967,59.359245355404866,772.848442158626,0.5805883502780435,119.57398579201603,18.50381735774631,43.493379955705066,216.16740052130095,8.162998203058958,265.58476400051603,406.49286935804673,33.80628179610745,155.9080665426298,7.12567277652586,277.5424746511431,788.9616090919988,10.547369995663058,3.318935456242622,317.0520156881657,336.4833111972162,113.87486805160479,116.19216152802392,21.57406791764541,0.7077213502675275,50.90184147476845,82.75063198732212,480.455773204539,58.4448909757426,308.150242962862,445.2047586096642,58.095037988817936,486.53839895614914,296.386781096955,0.44279813654373745,0.2528581182501112,19.634707120826157,229.42334127780157,274.072601364011,221.5168531688097,249.86132278896793,18.527685033354004,2.5199094821069634,803.7018216972008,67.91625683195628,168.66530442288274
2021-05-16 11:30:00,99.3578407670862,93.25925519992711,51.832965236373674,287.73708893793946,246.31255214542958,426.09075015927004,67.91023191444896,552.4483510832313,0.6322642879195304,177.938249381234,298.13493924102653,204.22660653534936,471.80796008379946,6.03520839905638,468.30284614748075,359.0615381132472,400.1782539111808,253.07093142012204,1.210847523488745,366.5356480148374,243.0173509024182,65.6780104724294,30.39464012407238,35.46610806688671,137.69058712770925,482.0144235827569,140.5022494543568,67.78132003100443,0.06220322616470275,252.97895386746583,69.72093819096368,411.8717511574464,53.83319432557134,278.43922158604795,374.9888992260354,99.06791570657658,379.6462534592368,886.6645959746667,0.2610485262348481,0.5776317543444226,135.99930267217803,256.9042372169199,87.32359294816477,308.5529722143281,191.86896510188404,54.12701109416781,35.483185554316265,789.2727794962678,63.13759776433766,413.76184697690854
2021-05-16 12:00:00,2.7610585618011996,20.38757077738196,87.73730719279554,194.08496310326095,5.676822383709535,275.9534193872428,78.91712386073382,308.9914256321356,0.013094456588333636,30.666592397530707,115.00441864385152,186.344258506157,209.86365846306114,24.710323401014644,19.671770334254823,477.76184797746737,116.85604095521651,219.75584431645507,95.65013982994802,307.9927251300895,649.2026345298772,82.21031606002255,65.3162790531283,127.19579042092349,153.15674938910635,454.727305468621,401.74137164844234,60.775212225272256,0.14730304427897034,110.42639148150445,71.43266357349975,457.8511406975835,26.885351438219352,207.88755176166097,454.11424435016147,75.6730167068568,483.880732634781,324.7020574662072,0.3433867021776442,0.35920874698269034,3.1895217032953393,414.22438576334025,147.96601471830806,424.9796652516027,103.21228507045163,64.5572181427428,78.02126485356335,722.4900866798874,27.05592564879914,0.29896941739765426
2021-05-16 12:30:00,407.7307142274171,295.4464715941209,74.07686177542044,321.64410922117656,234.33032099706313,280.46898576769314,49.84421989290573,909.6171159471116,0.6635373720167106,550.2933078050894,60.28344288863941,129.8768918801631,319.26297383204275,15.954468011318834,61.0549570050134,9.116291338180815,270.0059573022553,52.83234213087196,73.75083594590069,94.01236730770806,221.81867404991698,38.04200075075623,93.83048184484826,180.92654660256935,394.49257996039665,361.0716177279529,464.61402681592693,29.53014775718328,0.007841590771916818,19.464981662833726,46.17161438131191,337.84863684277536,36.84489199165789,214.47216671507212,379.3576605819604,44.22938054511353,219.87024325395427,336.9226118662101,0.8345717902556277,0.823552226611819,489.1773935284283,52.874650656184535,331.91223742636254,98.12285835308282,107.83840272250724,4.55851579486688,56.389292105540235,969.0750777401204,24.879178873917706,153.90957501305957
2021-05-16 13:00:00,353.42867192380857,338.7821809211412,69.7015740995268,229.1264452457583,28.151637840918674,438.3268013291725,8.69202880874237,445.5020992358903,0.17803596686975143,88.29562807628186,38.47660081460458,361.71005684429247,198.79719898139714,87.17835665922017,226.09951414171763,97.88899284177305,440.0395437807291,320.4131573451031,35.32514085020642,177.6922843428697,776.2375774261411,77.56118509253275,87.1204482263052,236.2466775032568,223.2097582007911,266.6933143826813,202.5513472637832,13.660090365117261,0.6309217902291634,18.009409145713196,92.09945210965759,284.7996448361198,89.53460891531692,270.4525019190404,298.5776529951509,70.73970000329277,139.1842408313283,100.5880516851696,0.9354845135274957,0.8206961607667793,482.87360490987373,40.110168451118504,482.6513618151999,62.77489494923854,271.007460918255,94.59708898455993,26.116243251086026,454.19980249568397,94.20582194885955,120.58260715388097
2021-05-16 13:30:00,364.50358402049363,8.293914463928076,70.24840839871092,272.8083946579675,59.40895813403596,201.7414331061985,53.71065418185478,589.1975750025897,0.9610703174694551,354.37955579826706,348.1443879390699,247.9378675393854,137.107601174335,21.92139873580443,466.93750876395245,3.78143748907106,325.4386845235971,108.0190912547998,29.65355812876552,391.8958922426986,691.2596406404256,96.44766539008116,76.60647765353026,22.824372751191866,399.1901702591762,434.98457982384247,453.05550106624855,65.16397604772766,0.4476734254104183,87.61088605291367,69.45954272532853,534.735727803001,66.64630475268358,348.21490351805363,327.0663685139368,38.92304716917885,399.14659860459335,883.6021307129658,0.18573307200518563,0.4773503981224013,197.57764873615253,247.30812650746722,25.2083868011046,481.7399737371638,365.4942980136871,84.2165376650381,69.49531193430477,217.64559123078158,29.827245423412275,116.78368053430549
2021-05-16 14:00:00,385.63517334297285,256.0465291496405,35.94911512197552,470.7324043882626,58.763123388552444,67.00761422532037,58.68411180208791,915.8248998680923,0.14866272775311296,178.95202799857947,169.93748188403308,40.52310795382397,491.9888239799141,97.58652558191314,158.07805248837525,323.7373570773015,266.47889327566764,309.7939774489148,34.97032297458495,277.1132570660083,960.9531589751122,20.376645912768907,78.84473432532987,70.01204877665884,411.2111868341392,65.32617191173145,160.747850623941,73.85974581323308,0.13427485090227553,433.3851772530001,72.89810616558164,341.68038046084655,78.73870267523328,351.0730480909147,444.563961970005,22.8875462483499,163.1269590205734,813.3353318882213,0.37250893155346587,0.3508191093350156,364.185427169823,424.35494144002865,445.19216042763304,54.022279688203554,66.75693499836902,29.661248215709314,56.73909441560734,704.5379733196547,77.55052967189994,34.09330988273135
2021-05-16 14:30:00,37.02232586704518,113.24788759896897,29.359184426449335,193.05131890038712,324.60515105803177,14.391338156669487,74.54394741843299,661.8141963225929,0.41462412372702373,341.4232414591602,362.3833857643807,110.09160097490567,204.66700315752152,33.68957917711069,253.61740434419622,449.0152744749935,162.1668765576878,325.1005461990767,77.46535311811819,2.6148067714563683,162.06221472077905,52.33296311947413,66.49849034759953,138.4071538956529,428.7811688306419,395.25489713744247,238.2184931718958,31.562734376335,0.9579341210567704,141.23937198851334,86.16909037873452,358.7154984075251,45.434542306765515,85.84695385272478,289.40337725597027,59.68518768877594,149.69168685267414,664.5960415816102,0.9286305621153941,0.36255979655909454,172.90304920521248,132.19249891475988,288.4406006556042,239.24553505359458,564.9497816345961,7.718753022646796,79.62436094563871,756.3788204294856,39.31217982070792,93.56213520525087
2021-05-16 15:00:00,179.2328642721363,322.5863952047249,80.93611554785136,480.5952819119571,373.02243963271167,377.5686278368095,43.16595462296794,205.20823663752765,0.08534966807864386,397.82382524408126,32.678170399471185,341.629381829798,447.04960183956723,18.211791568869927,20.78642952519605,121.74114828814963,166.50095652909897,76.01242656432406,66.13706110704143,380.49538001404693,151.3492490361289,28.713795808457554,26.0286857566003,485.7663454505253,458.31761792060365,62.41040698342415,113.01449890799987,64.48326040223138,0.5296597239456199,475.22958528764786,27.4071589342191,691.0804571271013,63.024721945615795,250.0563760383135,316.1956621641937,92.81820981139515,116.25299610391559,775.239187544958,0.06180846068922263,0.8057145256682179,335.546578542988,392.072599128626,281.95978337781185,292.7818643966509,457.97749811821365,16.98870732190573,73.50251861898234,617.5545161129332,13.925407078470398,277.77478494280996
2021-05-16 15:30:00,57.93452976256486,87.18321450249572,81.01133946791808,452.6753209780319,291.68438254857983,310.15477567673236,12.758030279556376,945.8489112521277,0.9968742518459474,501.25024615017696,157.64516891530516,38.06542974515009,114.97730294554309,78.96985071424791,74.17160048104444,463.5172723981533,334.74347759909506,30.67481355533408,18.519556786746794,17.655677470119535,353.96836722388014,79.28544190338394,90.71950307058299,165.67350355152539,215.4926102566481,397.10533127470273,320.238021087922,39.51309076115032,0.24189329411288918,290.81114649459676,80.7070903866703,971.683598529903,24.838360874320752,205.979047517051,78.2383580018003,92.91395200154628,64.83948911211768,236.84371068204263,0.09236052811137851,0.328179482797612,402.71502152298956,170.7003200053737,250.13926760388017,270.6872104537191,360.24187260452436,12.694441375497266,61.01079220362347,286.13610382005663,1.071529769535895,145.68053641887224
2021-05-16 16:00:00,431.55171293779676,345.46886905123296,86.70723185801037,97.89556739464822,481.08627423727097,352.03988404961177,28.377590579872447,664.9372477642761,0.5021950103312426,139.72433762114986,269.7456461876686,425.60345702438434,106.55235201254165,65.87077755008761,493.31506147942343,30.133695144780425,497.06968061058376,390.3807930342199,17.410933533408436,372.8668913656161,335.53511536231537,57.75933658811575,67.0732311905834,241.02052905604125,159.43340916056943,137.8837841256785,489.49055758740445,71.32068832826177,0.5006035711547075,218.30709488438305,19.524060295649203,643.2734805034376,70.54608302834863,435.2634831346921,236.96061005805134,34.19052781054903,128.23153050838297,512.4912351288178,0.16279098920622936,0.20905937370684602,473.3781223461204,533.9299431118395,34.69704295209169,43.0160785164716,500.4944291446147,12.328377929894685,48.8177675310814,554.0103475024198,54.42573370152508,208.697391164574
2021-05-16 16:30:00,311.64906341377895,193.3676731502687,91.32405525564712,34.68065043758273,187.43528976185203,106.48208075445537,36.30822963986351,401.4150531913775,0.5953850173200438,26.377580621918675,395.36158241948175,247.57326350698716,15.56704144225568,49.8195716453139,482.55934821802276,467.21801340275715,330.9195949246893,229.90021188466008,9.839564971339732,101.24028008261871,322.2809191647998,63.45824175503038,56.04406309804399,98.04885636919647,291.09937329705696,438.54529050909446,301.7465480216893,19.92152748940531,0.6796203327351078,290.0444173347273,34.53419522448878,169.28152035846966,42.76013337033373,315.70946060918817,358.1985559790495,52.7677466221695,177.65987423694384,416.09744861390277,0.5952128341268748,0.08468834187530683,200.106137924836,539.5001676746376,44.93842586808034,28.513457001809684,66.5083189510257,51.85616886657339,13.31821256675234,380.97076291221646,97.57788185489326,188.43344017359425
2021-05-16 17:00:00,165.4490124263246,468.36499436836726,51.13423988609378,50.389000688713324,142.85604314093035,68.18573779338489,64.59172413316013,225.34486539704852,0.06707647738842748,99.39366543990822,159.37625146603494,240.293288663324,325.83341268794254,55.53635509376312,2.469990467204808,175.8113436198172,278.8917086850125,29.081897752737895,66.03027197013381,479.0367400596901,915.629122468933,79.79141596158941,11.098946921348107,305.3900355378841,185.5862117188138,472.0210469126989,178.90704205677443,89.02150026361744,0.07623921797356448,258.3491926131339,33.56104542698427,168.02525246866028,44.25455148147456,266.2520332079909,135.4713491581827,21.16358985698612,336.9971040728652,184.39887363131484,0.15047227100599747,0.4666931208844084,391.64899147802385,192.42657848316935,300.456002829543,52.74171373051784,296.56654908521216,24.58474424934003,26.133301788538375,484.7198753500202,36.91361938092045,437.9524624999473
2021-05-16 17:30:00,31.779175143011816,68.76047207299662,50.15162946871996,9.110912825774864,434.29956409473016,7.272332833940965,57.077830466891186,814.6226703432663,0.7499604703991778,542.0108122719009,312.94568821850453,296.2038923297588,184.26317186188058,71.92017782722638,475.90589271161946,50.71041422460826,365.325255119623,497.4331585848836,76.43726622217359,183.97037565104225,324.59157986455546,39.59704726624549,44.70555438064254,140.34160775798716,300.5370834001165,74.39798470255782,323.9087229952642,28.74095964655797,0.274703815047892,379.3881268786626,97.85254683891405,956.2808987610093,64.93223245768817,57.69732108945868,101.12709026226746,99.56311094988834,31.28242110972579,537.5174366934316,0.9680763814507335,0.4821320989198419,132.96422531605938,153.39637729867948,170.47928571777916,292.79384193630625,385.45401357976476,35.81397165291445,41.90994729170853,680.6967182601975,35.719233399304485,452.6494995052577
2021-05-16 18:00:00,155.4911608578311,170.53317552512925,79.82951789667752,47.2214803779642,111.79791925972631,175.2937794032985,35.60967258978462,658.0654803356622,0.20990559309558576,526.8562449862588,442.9888741180936,412.3404829625746,432.17912491981855,22.845474133129873,319.5599689077502,242.9358795931628,232.60280614185908,28.89028049818332,26.5046428325004,163.46580816903955,344.7547535157679,91.50900684070432,46.03582712019263,103.4962892192134,352.7929313219123,231.33780253269677,61.460339232693784,36.77859877561529,0.8069654908839936,141.24803298642613,85.65372237479268,367.56171127660025,93.62806214689266,302.8189446617057,156.9134041122078,98.11179078679358,105.25346983267147,928.6656853083718,0.44671452725852034,0.8409087104029072,495.16615189682415,258.5563037984141,458.6340332888403,272.17244381716057,500.61868554860774,98.95053333843225,59.92992870063887,770.6932684217511,34.40916178494421,246.47848582793003
2021-05-16 18:30:00,162.5916610133735,56.73676062029453,64.99639307777652,341.5033867081784,481.61126972030564,294.95884342731654,98.65152487929797,580.1149827786894,0.8980542894407137,366.4995992587788,307.9315940911523,173.90460395109653,236.60495334577857,99.63339160567419,433.95914726001104,128.38828386025398,30.071171300392606,347.5176144292766,2.094496103091281,74.44402516622233,783.4584361761673,53.302886724614,86.45636095226699,258.2863142229895,344.2025092460684,490.49368908134255,444.3295401326993,5.8091952080349785,0.45966487040266124,176.52519580015118,70.11698615902597,182.8602874742279,6.400634660862092,58.60195284011671,120.75031399641672,64.95089297074473,404.5118201458382,136.05320714562504,0.5015179603501664,0.22123869644606398,12.884799382175572,159.50831940448626,203.29526867973613,116.87039601837212,474.41234482857527,68.43142489253448,51.37078552153048,309.0022218112088,52.054383730485846,165.0779751578022
2021-05-16 19:00:00,364.80308916903203,462.3468091392814,70.19668772577033,35.594324230114495,6.077237344908171,196.12202254986616,60.577481935688716,904.5033247458618,0.20513964048200717,368.29977905151895,116.47973737681689,339.0080762795318,484.09671395736086,97.4793162146783,227.36992781692956,142.4364509809614,281.1484079389549,491.8394626317068,8.217166747642734,152.80210774510743,504.765858205486,15.7954822835348,54.66482201877885,2.7528995802104106,187.2764435100607,241.7037179865733,251.54197538991818,11.15122123212764,0.5465771420322949,447.04715126662535,72.70567616153902,639.1401284353434,82.47432373470076,168.60328778287604,107.45631851819792,80.44140596774734,73.46096179188538,362.3148221444145,0.2466586158054065,0.3809912736683999,301.76440325056046,409.9826291091881,71.64072935132054,318.8870709227958,180.7001648337718,94.89806670470014,28.818452595952948,464.792824582258,44.06648834242935,53.400352001181815
2021-05-16 19:30:00,318.77873567760656,438.6696766904905,79.57926694361011,159.48781514688065,484.93941335381953,218.73746101186453,23.72267917359945,809.7374901020777,0.19068772066366657,405.72127123682816,12.20039077826901,282.8659819978955,92.76275785156058,65.03256863469369,257.79801428962514,153.6449824631433,478.8126422526901,119.5900521079628,96.78600348450304,438.32538091410026,799.0395012596631,69.58991181688025,38.04005489704097,3.8320163246126637,83.43010084937642,431.77376125727255,224.67487101982104,51.58619027123281,0.43281600220946925,473.22825657520275,56.20727944025711,661.2839004612395,29.238311041219312,71.42098240716594,212.42542143404347,71.51001612837,171.32257326126077,286.7868425851331,0.4709602524347335,0.8084057388936909,329.7529908256636,499.1175170380056,357.359416751018,410.0337510278247,565.7104983443385,14.255655503311559,0.6464357789710551,342.2454138924663,87.99146267270145,476.7014396910475
2021-05-16 20:00:00,443.60637128816325,128.9708138575778,89.00053418175663,422.43765548472726,21.57995597528806,452.0793472468742,10.178247262040374,236.50739175947606,0.03654966784809488,121.71534160160076,435.04943695046495,133.51413508471066,434.3115839778054,19.954245092914512,244.42329012846008,401.5129489163317,87.65147117882982,71.12468434359809,29.544477747742025,498.1671688136237,158.82954180794673,79.32613504382545,97.68003285106593,109.53440455092888,215.26466923110377,294.3657610656599,292.9323942267596,26.75926767279715,0.04389994264300512,446.27911374323725,94.70906671085191,683.6543381068193,44.391945450637785,346.03682351218447,453.91925694176706,59.31582190394682,432.32946092907,314.3319882991267,0.6619136326370115,0.8236236107489735,344.0227785370644,410.3934359285059,146.67671072050493,20.789479923296884,92.12058802990481,38.21394748325693,49.623922190081394,278.76845247568224,50.55207917234903,30.113472450148727
2021-05-16 20:30:00,236.10746258097464,329.99202301708954,33.79951568515358,11.635967867912933,445.5715568490355,174.12773351165018,15.285913918433202,380.54986101599343,0.47206694510999925,550.3589286364767,10.63470542519357,439.31499317757897,388.2984263958709,68.02282424312914,333.43212877305217,269.58063833762725,345.0024454103329,60.69246971121445,76.92231478381336,184.15476525342416,538.8140743060459,31.67616770675267,11.072059332631568,18.360681250410572,71.29707204095436,187.66495395980093,312.3919313947012,83.54802257421944,0.16574977982015593,209.7239969786568,49.62587528823615,340.6618250717872,2.1913328775008956,103.1260569180763,253.52982336935915,5.3347996988897695,77.46265557172133,917.5910966914378,0.7511771369540428,0.3846110759787682,60.1937893945445,498.1232594046227,262.7351536779466,249.06497177402122,527.5774988002682,55.47318032823543,28.56259885622431,805.0484979962546,50.77578381885688,148.82513878414022
2021-05-16 21:00:00,59.79712296915085,408.6111001006079,37.5582952639944,407.2342412944679,263.85055454314994,256.9947445799054,24.595772838450813,323.64022583301914,0.5648411332626164,262.8869044374024,437.3508363420997,398.71301080346404,385.460922322026,7.219840897917584,69.82562737815645,155.65384957800183,100.46684432952824,151.63757378379776,62.46635688542638,224.30531547727128,130.25224016495437,85.7179256998753,42.25484283119446,54.01287706534569,445.04851759190416,142.8917777629351,35.88790311325651,1.4693388654953843,0.4455416387418909,390.18275150344084,38.05177098698945,113.59961579302754,30.1046077834313,195.929686594013,93.96019040766151,45.476434255266106,41.36841780909495,521.2621488108612,0.753868082709913,0.4591240232866809,469.26489173656523,250.255454080335,348.916392752585,344.65520605134515,583.1453447706788,7.675806188873802,73.46083007105351,918.3274249932932,13.83715947205566,149.03310058500207
2021-05-16 21:30:00,356.6223936114975,277.60040579973116,9.3981939840869,140.92738738669996,496.48239805965017,391.82650637057156,16.06813732595557,769.5516633154093,0.06570863942835237,242.22034638470853,264.468567013606,329.22591732921273,422.39161405844385,3.0652502205806065,14.986794936338976,305.1668916554592,267.91384223654063,50.522905505323344,38.19396396528959,361.0354691013685,156.3878831098191,90.61432547657664,4.202467517140529,169.4303246693758,172.9387303689287,101.61154554304363,341.3086106117012,37.90940486719362,0.20918546540792782,238.1678666505494,16.3035336931591,968.5138325090247,50.26312426301305,447.8373888093893,38.48583469043704,67.47863021674105,242.26899754000542,519.6694716458369,0.5778911126940883,0.3032858908492829,90.5916395250414,110.66384301113929,450.1320556010352,126.15596353484354,122.74904346912282,0.41874436279578653,2.394626527048349,433.208967116119,98.27395409103859,160.20064307010745
2021-05-16 22:00:00,380.39252430844874,264.82528917800323,57.8280140996174,59.08241381082813,36.89828236769943,198.2713911606351,18.656702405130577,130.17919126220144,0.7755276166950106,320.97226906404575,469.5338492564481,425.290864547121,380.51199547149946,25.76828885112137,153.96497079559546,358.0753371115968,48.33822482335981,346.08067084706596,20.56872621955551,443.0978902325373,915.7937080099698,27.690448737780894,73.99041207669303,401.29283978990645,77.22987361166189,380.8990956888486,120.96584015776479,33.73455467690927,0.04997902865967874,248.7699260730511,78.6205652261058,325.80374112199223,5.617607734743901,102.15819169948514,348.0780725689626,67.75316138836847,151.2097556392682,784.5180782097541,0.9043597749938572,0.9325548784193121,311.37670161992054,448.01154949060344,396.0955974008381,153.88545264657455,438.79831723819547,67.04343337969175,58.482781130579085,776.1510319363902,24.99728908688297,82.14342163620464
2021-05-16 22:30:00,280.6385987847481,120.92614545022585,3.5942273796742086,348.3685826820753,276.9271422006604,311.04335011393675,28.50951686938471,612.9007163841849,0.4532888347480276,47.240260729531926,399.3916178868327,433.64710047990116,313.1101608157077,46.26229567393163,352.34038136832334,136.31200036676688,225.18546812909256,31.145899065031347,12.138641815940643,296.52216709339206,225.32083400583565,98.3521472715222,91.80765521991506,286.02432168465043,12.72387995287544,193.27025341151395,356.9763162532949,1.9327630917601035,0.8436496640518237,102.34005452864197,73.44439320755914,708.4236592472928,49.10957293831652,253.90253197938955,191.39938221819392,37.31226184223836,281.70418224192707,239.04298360443323,0.8174078473061094,0.11864376574158031,111.33803956154247,229.07521298210125,338.18053393636205,306.81895149469193,43.36560089123911,64.18195168014353,94.14742375060654,907.29576042797,7.336406745960266,391.58071546184857
2021-05-16 23:00:00,385.4835899772805,46.5513839029496,46.55980181324602,314.471423389942,484.6512678095495,431.1818543733726,17.33735952947548,786.2128171666214,0.52439026932758,116.44435387852606,498.96705526666875,354.18148835751737,65.62243884119378,86.82725054083805,100.92672606147418,206.77455076267574,378.08166444762304,254.71106407489486,61.50129680388666,195.76284908891466,579.1786140476954,14.071152804875842,28.003732955048942,256.33386297820823,322.91119314324214,255.6377311003756,411.2673971920984,12.436839900051023,0.9811925291641158,295.56515162925825,38.43550385241349,735.9668828908386,92.71106288584274,209.635830583011,410.9154732926796,94.16919866580305,401.90244524173755,538.5388186900457,0.7570481146986254,0.93374942300147,153.60820851063545,409.33707863289686,339.81659119757177,448.96764672186845,255.14523858070987,41.07888099996118,17.440926711149952,861.5117894772084,66.31462489752089,61.24893098299461
2021-05-16 23:30:00,246.89779818219537,448.60787897666336,54.26446347075766,438.73600676352646,261.5489220850744,474.76031182882105,89.67654246264252,889.0890730855745,0.44076274693822814,448.05949752729487,175.35590772585508,418.506664181836,16.263089745625958,72.7169069766308,336.71621666245863,60.94304666847378,173.78576211949104,498.3484269264884,77.4633780637788,206.31092042431186,469.9860423406359,20.201566840248997,85.83416767991208,146.74441160406082,318.4511587273716,246.16274000059096,401.9792537762601,41.36426749186353,0.7931428739967394,93.06794887667397,2.519341395922936,649.0066753715371,10.539321810780521,9.062020522864866,329.7553843203851,16.7357032236781,68.57424407637158,486.98669270895374,0.05560552168046062,0.6838664518353432,273.2292708640622,176.9734863494241,472.9623220160433,404.96221015144965,319.4443135346509,48.96440760320326,47.16494907505954,264.5320496853033,59.53663701568727,317.4533295765814
